수준,어휘,길잡이말,품사,中文,中文,길잡이말,中文,품사,어휘
초급,가게,前往에 가다,名詞명사,店鋪,前往,에 가다,名詞,명사,가게
초급,가격,這很貴。이 비싸다,名詞명사,價格,這很貴。,이 비싸다,名詞,명사,가격
초급,가구,桌子책상,名詞명사,家具,桌子,책상,名詞,명사,가구
초급,가깝다,距離거리가,形容詞형용사,靠近,距離,거리가,形容詞,형용사,가깝다
초급,가끔,有時我看到가끔 보다,副詞부사,有時,有時我看到,가끔 보다,副詞,부사,가끔
초급,가늘다,手指손가락이,形容詞형용사,薄的,手指,손가락이,形容詞,형용사,가늘다
초급,가다,在學校학교에,動詞동사,去,在學校,학교에,動詞,동사,가다
초급,가득,裝滿가득 담다,副詞부사,滿的,裝滿,가득 담다,副詞,부사,가득01
초급,가르치다,韓國人한국어를,動詞동사,教,韓國人,한국어를,動詞,동사,가르치다01
초급,가리키다,用我的手指손가락으로,動詞동사,表明,用我的手指,손가락으로,動詞,동사,가리키다01
초급,가방,攜帶을 메다,名詞명사,包包,攜帶,을 메다,名詞,명사,가방01
초급,가볍다,行李짐이,形容詞형용사,輕,行李,짐이,形容詞,형용사,가볍다
초급,가수,工作직업,名詞명사,歌手,工作,직업,名詞,명사,가수11
초급,가슴,身體신체,名詞명사,胸部,身體,신체,名詞,명사,가슴01
초급,가요,打電話를 부르다,名詞명사,歌曲,打電話,를 부르다,名詞,명사,가요02
초급,가운데,中間座位가운데 자리,名詞명사,中心,中間座位,가운데 자리,名詞,명사,가운데
초급,가위,切로 자르다,名詞명사,剪刀,切,로 자르다,名詞,명사,가위01
초급,가을,季節계절,名詞명사,秋天,季節,계절,名詞,명사,가을01
초급,가장,最快가장 빠르다,副詞부사,最多,最快,가장 빠르다,副詞,부사,가장01
초급,가져가다,在家裡집에,動詞동사,外帶,在家裡,집에,動詞,동사,가져가다
초급,가져오다,去學校학교로,動詞동사,帶來,去學校,학교로,動詞,동사,가져오다
초급,가족,家庭식구,名詞명사,家庭,家庭,식구,名詞,명사,가족01
초급,가지,一些몇,從屬名詞의존명사,茄子,一些,몇,從屬名詞,의존명사,가지04
초급,가지다,錢돈을,動詞동사,有,錢,돈을,動詞,동사,가지다
초급,각각,每個都不一樣。각각 다르다,副詞/名詞부사/명사,每個,每個都不一樣。,각각 다르다,副詞/名詞,부사/명사,각각01
초급,간단하다,簡單解釋간단한 설명,形容詞형용사,很簡單。,簡單解釋,간단한 설명,形容詞,형용사,간단하다02
초급,간단히,簡單地完成간단히 끝내다,副詞부사,簡單地,簡單地完成,간단히 끝내다,副詞,부사,간단히
초급,간식,吃을 먹다,名詞명사,小吃,吃,을 먹다,名詞,명사,간식02
초급,간장,插入을 넣다,名詞명사,醬油,插入,을 넣다,名詞,명사,간장01
초급,간호사,工作로 일하다,名詞명사,護士,工作,로 일하다,名詞,명사,간호사
초급,갈비,吃를 먹다,名詞명사,肋骨,吃,를 먹다,名詞,명사,갈비01
초급,갈비탕,吃을 먹다,名詞명사,加爾比唐,吃,을 먹다,名詞,명사,갈비탕
초급,갈색,顏色색깔,名詞명사,棕色的,顏色,색깔,名詞,명사,갈색
초급,갈아입다,衣服옷을,動詞동사,換衣服,衣服,옷을,動詞,동사,갈아입다
초급,갈아타다,火車기차를,動詞동사,轉移,火車,기차를,動詞,동사,갈아타다
초급,감,水果과일,名詞명사,柿子,水果,과일,名詞,명사,감01
초급,감기,被抓에 걸리다,名詞명사,寒冷的,被抓,에 걸리다,名詞,명사,감기04
초급,감기약,吃을 먹다,名詞명사,感冒藥,吃,을 먹다,名詞,명사,감기약
초급,감다,眼睛눈을,動詞동사,捲髮,眼睛,눈을,動詞,동사,감다01
초급,감다,頭머리를,動詞동사,捲髮,頭,머리를,動詞,동사,감다02
초급,감사,謝謝감사 인사,名詞명사,謝謝,謝謝,감사 인사,名詞,명사,감사08
초급,감자,蔬菜채소,名詞명사,馬鈴薯,蔬菜,채소,名詞,명사,감자01
초급,갑자기,匆忙갑자기 나타나다,副詞부사,突然,匆忙,갑자기 나타나다,副詞,부사,갑자기
초급,값,切을 깎다,名詞명사,價值,切,을 깎다,名詞,명사,값
초급,강,叉을 건너다,名詞명사,河,叉,을 건너다,名詞,명사,강01
초급,강아지,提高를 키우다,名詞명사,小狗,提高,를 키우다,名詞,명사,강아지
초급,강하다,力量힘이,形容詞형용사,強的,力量,힘이,形容詞,형용사,강하다02
초급,갖다,錢돈을,動詞동사,拿,錢,돈을,動詞,동사,갖다01
초급,같다,它們是相同的서로 같다,形容詞형용사,是一樣的。,它們是相同的,서로 같다,形容詞,형용사,같다
초급,같이,共同生活같이 살다,副詞부사,一起,共同生活,같이 살다,副詞,부사,같이
초급,갚다,錢돈을,動詞동사,贖罪,錢,돈을,動詞,동사,갚다
초급,개,動物동물,名詞명사,狗,動物,동물,名詞,명사,개03
초급,개,一한 개,從屬名詞의존명사,狗,一,한 개,從屬名詞,의존명사,개10
초급,개월,三個月삼 개월,從屬名詞의존명사,幾個月,三個月,삼 개월,從屬名詞,의존명사,개월
초급,거,事物것,從屬名詞의존명사,事物,事物,것,從屬名詞,의존명사,거01
초급,거기,它就在那裡거기에 있다,代名詞대명사,那裡,它就在那裡,거기에 있다,代名詞,대명사,거기01
초급,거리,出去로 나가다,名詞명사,距離,出去,로 나가다,名詞,명사,거리01
초급,거리,很近了가 가깝다,名詞명사,距離,很近了,가 가깝다,名詞,명사,거리08
초급,거실,房子집,名詞명사,客廳,房子,집,名詞,명사,거실02
초급,거울,查看을 보다,名詞명사,鏡子,查看,을 보다,名詞,명사,거울01
초급,거의,幾乎沒有거의 없다,副詞/名詞부사/명사,幾乎,幾乎沒有,거의 없다,副詞/名詞,부사/명사,거의01
초급,거절,做을 하다,名詞명사,拒絕,做,을 하다,名詞,명사,거절01
초급,거짓말,做을 하다,名詞명사,說謊,做,을 하다,名詞,명사,거짓말
초급,걱정,變得이 되다,名詞명사,擔心,變得,이 되다,名詞,명사,걱정
초급,건강,情況越來越糟了。이 나빠지다,名詞명사,健康,情況越來越糟了。,이 나빠지다,名詞,명사,건강03
초급,건너가다,道路길을,動詞동사,跨界,道路,길을,動詞,동사,건너가다
초급,건너다,道路길을,動詞동사,回顧,道路,길을,動詞,동사,건너다
초급,건너편,前往으로 가다,名詞명사,街對面,前往,으로 가다,名詞,명사,건너편
초급,건물,建造을 짓다,名詞명사,大樓,建造,을 짓다,名詞,명사,건물03
초급,걷다,道路길을,動詞동사,走,道路,길을,動詞,동사,걷다02
초급,걸다,圖片그림을,動詞동사,懸掛,圖片,그림을,動詞,동사,걸다02
초급,걸리다,圖片그림이,動詞동사,懸掛,圖片,그림이,動詞,동사,걸리다01
초급,걸어가다,在學校학교에,動詞동사,行人徒步區,在學校,학교에,動詞,동사,걸어가다
초급,걸어오다,在家裡집에,動詞동사,行人徒步區,在家裡,집에,動詞,동사,걸어오다01
초급,걸음,這很慢이 느리다,名詞명사,步,這很慢,이 느리다,名詞,명사,걸음
초급,검사,作業檢查숙제 검사,名詞명사,測試,作業檢查,숙제 검사,名詞,명사,검사03
초급,검은색,顏色색깔,名詞명사,黑色的,顏色,색깔,名詞,명사,검은색
초급,검정,顏色색깔,名詞명사,黑色的,顏色,색깔,名詞,명사,검정01
초급,것,食物먹을 것,從屬名詞의존명사,事物,食物,먹을 것,從屬名詞,의존명사,것01
초급,겉,眼科和外眼科안과 겉,名詞명사,外部,眼科和外眼科,안과 겉,名詞,명사,겉01
초급,게으르다,人사람이,形容詞형용사,懶惰的,人,사람이,形容詞,형용사,게으르다
초급,게임,電腦遊戲컴퓨터 게임,名詞명사,遊戲,電腦遊戲,컴퓨터 게임,名詞,명사,게임
초급,겨울,季節계절,名詞명사,冬天,季節,계절,名詞,명사,겨울
초급,결과,出來가 나오다,名詞명사,結果,出來,가 나오다,名詞,명사,결과02
초급,결석,做을 하다,名詞명사,缺席,做,을 하다,名詞,명사,결석01
초급,결심,做을 하다,名詞명사,決心,做,을 하다,名詞,명사,결심01
초급,결정,降低을 내리다,名詞명사,決定,降低,을 내리다,名詞,명사,결정01
초급,결혼,做을 하다,名詞명사,婚姻,做,을 하다,名詞,명사,결혼
초급,결혼식,提高을 올리다,名詞명사,婚禮,提高,을 올리다,名詞,명사,결혼식
초급,경기,看를 보다,名詞명사,遊戲,看,를 보다,名詞,명사,경기11
초급,경찰,警方調查（機構）경찰 조사(기관),名詞명사,警察,警方調查（機構）,경찰 조사(기관),名詞,명사,경찰04
초급,경찰서,向…報告에 신고하다,名詞명사,警察局,向…報告,에 신고하다,名詞,명사,경찰서
초급,경치,這很好가 좋다,名詞명사,視線,這很好,가 좋다,名詞,명사,경치02
초급,경험,堆疊을 쌓다,名詞명사,經驗,堆疊,을 쌓다,名詞,명사,경험
초급,계단,爬을 오르다,名詞명사,樓梯,爬,을 오르다,名詞,명사,계단04
초급,계란,吃을 먹다,名詞명사,蛋,吃,을 먹다,名詞,명사,계란
초급,계산,這是準確的。이 정확하다,名詞명사,計算,這是準確的。,이 정확하다,名詞,명사,계산01
초급,계속,繼續跑계속 달리다,副詞/名詞부사/명사,繼續,繼續跑,계속 달리다,副詞/名詞,부사/명사,계속04
초급,계시다,在韓國한국에,動詞동사,是,在韓國,한국에,動詞,동사,계시다
초급,계절,這會改變이 바뀌다,名詞명사,季節,這會改變,이 바뀌다,名詞,명사,계절01
초급,계획,建立을 세우다,名詞명사,計劃,建立,을 세우다,名詞,명사,계획01
초급,고개,持有를 들다,名詞명사,頭,持有,를 들다,名詞,명사,고개01
초급,고기,吃를 먹다,名詞명사,肉,吃,를 먹다,名詞,명사,고기01
초급,고등학교,報名參加에 입학하다,名詞명사,中學,報名參加,에 입학하다,名詞,명사,고등학교
초급,고등학생,變得이 되다,名詞명사,高中生,變得,이 되다,名詞,명사,고등학생
초급,고르다,禮物선물을,動詞동사,選擇,禮物,선물을,動詞,동사,고르다01
초급,고맙다,心마음이,形容詞형용사,謝謝,心,마음이,形容詞,형용사,고맙다01
초급,고모,相對的친척,名詞명사,阿姨,相對的,친척,名詞,명사,고모01
초급,고민,分享을 나누다,名詞명사,擔心,分享,을 나누다,名詞,명사,고민
초급,고속버스,騎를 타다,名詞명사,快車,騎,를 타다,名詞,명사,고속버스
초급,고양이,提高를 기르다,名詞명사,貓,提高,를 기르다,名詞,명사,고양이
초급,고장,這就是我。이 나다,名詞명사,分解,這就是我。,이 나다,名詞,명사,고장11
초급,고추장,插入을 넣다,名詞명사,辣椒醬,插入,을 넣다,名詞,명사,고추장
초급,고치다,電腦컴퓨터를,動詞동사,使固定,電腦,컴퓨터를,動詞,동사,고치다01
초급,고프다,加倍배가,形容詞형용사,我餓了,加倍,배가,形容詞,형용사,고프다
초급,고향,前往에 가다,名詞명사,家鄉,前往,에 가다,名詞,명사,고향02
초급,곧,我很快就要走了。곧 가다,副詞부사,很快,我很快就要走了。,곧 가다,副詞,부사,곧01
초급,곳,某處어느 곳,名詞명사,地方,某處,어느 곳,名詞,명사,곳01
초급,공,捲動을 굴리다,名詞명사,球,捲動,을 굴리다,名詞,명사,공01
초급,공무원,擔任으로 일하다,名詞명사,公職人員,擔任,으로 일하다,名詞,명사,공무원
초급,공부,做를 하다,名詞명사,學習,做,를 하다,名詞,명사,공부01
초급,공원,玩에서 놀다,名詞명사,公園,玩,에서 놀다,名詞,명사,공원03
초급,공장,在…工作에서 일하다,名詞명사,工廠,在…工作,에서 일하다,名詞,명사,공장02
초급,공짜,捐贈로 주다,名詞명사,自由的,捐贈,로 주다,名詞,명사,공짜
초급,공책,使用에 쓰다,名詞명사,筆記本,使用,에 쓰다,名詞,명사,공책01
초급,공항,機場航廈공항 터미널,名詞명사,飛機,機場航廈,공항 터미널,名詞,명사,공항02
초급,공휴일,決定為로 정하다,名詞명사,國定假日,決定為,로 정하다,名詞,명사,공휴일
초급,과거,忘記를 잊다,名詞명사,過去的,忘記,를 잊다,名詞,명사,과거03
초급,과일,切을 깎다,名詞명사,水果,切,을 깎다,名詞,명사,과일01
초급,과자,吃를 먹다,名詞명사,小吃,吃,를 먹다,名詞,명사,과자02
초급,관계,形成를 맺다,名詞명사,關係,形成,를 맺다,名詞,명사,관계05
초급,관광,國內旅遊국내 관광,名詞명사,觀光,國內旅遊,국내 관광,名詞,명사,관광02
초급,관광객,外國遊客외국인 관광객,名詞명사,遊客,外國遊客,외국인 관광객,名詞,명사,관광객
초급,관광지,國內旅遊目的地국내 관광지,名詞명사,旅遊景點,國內旅遊目的地,국내 관광지,名詞,명사,관광지
초급,관심,擁有을 가지다,名詞명사,興趣,擁有,을 가지다,名詞,명사,관심01
초급,광고,報紙廣告신문 광고,名詞명사,廣告,報紙廣告,신문 광고,名詞,명사,광고02
초급,광주,提名지명,名詞명사,光州,提名,지명,名詞,명사,광주01
초급,괜찮다,性格성격이,形容詞형용사,沒關係,性格,성격이,形容詞,형용사,괜찮다
초급,괴로워하다,疼痛통증으로,動詞동사,遭受,疼痛,통증으로,動詞,동사,괴로워하다
초급,교과서,在에서 배우다,名詞명사,教科書,在,에서 배우다,名詞,명사,교과서
초급,교사,數學老師수학 교사,名詞명사,校長,數學老師,수학 교사,名詞,명사,교사09
초급,교수,大學教授대학 교수,名詞명사,教授,大學教授,대학 교수,名詞,명사,교수06
초급,교실,進入에 들어가다,名詞명사,課堂,進入,에 들어가다,名詞,명사,교실
초급,교육,接收을 받다,名詞명사,教育,接收,을 받다,名詞,명사,교육
초급,교통,交通工具교통 수단,名詞명사,交通,交通工具,교통 수단,名詞,명사,교통01
초급,교통비,進入가 들다,名詞명사,運輸成本,進入,가 들다,名詞,명사,교통비
초급,교통사고,Ga nada가 나다,名詞명사,交通事故,Ga nada,가 나다,名詞,명사,교통사고
초급,교환,做을 하다,名詞명사,交換,做,을 하다,名詞,명사,교환01
초급,교회,基督教기독교,名詞명사,教會,基督教,기독교,名詞,명사,교회02
초급,구,數位숫자,數字/形容詞수사/관형사,九,數位,숫자,數字/形容詞,수사/관형사,구01
초급,구경,出席을 다니다,名詞명사,口徑,出席,을 다니다,名詞,명사,구경01
초급,구두,穿를 신다,名詞명사,鞋,穿,를 신다,名詞,명사,구두01
초급,구름,就是這樣。이 끼다,名詞명사,雲,就是這樣。,이 끼다,名詞,명사,구름01
초급,구십,九十歲구십 살,數字/形容詞수사/관형사,九十,九十歲,구십 살,數字/形容詞,수사/관형사,구십
초급,구월,月亮달(월),名詞명사,九月,月亮,달(월),名詞,명사,구월02
초급,국,煮沸을 끓이다,名詞명사,湯,煮沸,을 끓이다,名詞,명사,국01
초급,국내,國內旅行국내 여행,名詞명사,國內的,國內旅行,국내 여행,名詞,명사,국내02
초급,국수,吃를 먹다,名詞명사,麵條,吃,를 먹다,名詞,명사,국수01
초급,국적,韓國國籍대한민국 국적,名詞명사,國籍,韓國國籍,대한민국 국적,名詞,명사,국적02
초급,국제,國際關係국제 관계,名詞명사,國際的,國際關係,국제 관계,名詞,명사,국제02
초급,군인,職業軍人직업 군인,名詞명사,士兵,職業軍人,직업 군인,名詞,명사,군인
초급,굳다,這片土地땅이,動詞/形容詞동사/형용사,硬化,這片土地,땅이,動詞/形容詞,동사/형용사,굳다
초급,굵다,手指손가락이,形容詞형용사,厚的,手指,손가락이,形容詞,형용사,굵다
초급,굽다,肉고기를,動詞동사,烤,肉,고기를,動詞,동사,굽다01
초급,궁금하다,新聞소식이,形容詞형용사,我很好奇,新聞,소식이,形容詞,형용사,궁금하다01
초급,권,一本書책 한 권,從屬名詞의존명사,體積,一本書,책 한 권,從屬名詞,의존명사,권01
초급,귀,聽로 듣다,名詞명사,耳朵,聽,로 듣다,名詞,명사,귀01
초급,귀걸이,增加를  달다,名詞명사,耳環,增加,를  달다,名詞,명사,귀걸이
초급,귀여워하다,小狗강아지를,動詞동사,尋找可愛,小狗,강아지를,動詞,동사,귀여워하다
초급,귀엽다,臉얼굴이,形容詞형용사,可愛的,臉,얼굴이,形容詞,형용사,귀엽다
초급,귀찮다,工作일이,形容詞형용사,這很煩人,工作,일이,形容詞,형용사,귀찮다
초급,규칙,違反을 어기다,名詞명사,規則,違反,을 어기다,名詞,명사,규칙02
초급,귤,選擇을 까다,名詞명사,國語,選擇,을 까다,名詞,명사,귤
초급,그,那個人그 사람,形容詞/代名詞관형사/대명사,那,那個人,그 사람,形容詞/代名詞,관형사/대명사,그01
초급,그거,那그것,代名詞대명사,那,那,그것,代名詞,대명사,그거
초급,그것,−−,代名詞대명사,那,−,−,代名詞,대명사,그것
초급,그곳,前往에 가다,代名詞대명사,那個地方,前往,에 가다,代名詞,대명사,그곳
초급,그날,當天的工作그날 일,名詞명사,當天,當天的工作,그날 일,名詞,명사,그날
초급,그냥,走吧그냥 가다,副詞부사,只是,走吧,그냥 가다,副詞,부사,그냥
초급,그대로,就保持原樣吧。그대로 두다,副詞부사,就像那樣,就保持原樣吧。,그대로 두다,副詞,부사,그대로
초급,그동안,我一切都很好。그동안 잘 지내다,名詞명사,在那段時間,我一切都很好。,그동안 잘 지내다,名詞,명사,그동안
초급,그때,想當年그때 그시절,名詞명사,當時,想當年,그때 그시절,名詞,명사,그때
초급,그래,回答대답,欹감탄사,好的,回答,대답,欹,감탄사,그래01
초급,그래서,−−,副詞부사,所以,−,−,副詞,부사,그래서
초급,그러나,−−,副詞부사,然而,−,−,副詞,부사,그러나
초급,그러니까,−−,副詞부사,所以,−,−,副詞,부사,그러니까
초급,그러면,−−,副詞부사,然後,−,−,副詞,부사,그러면
초급,그러므로,−−,副詞부사,所以,−,−,副詞,부사,그러므로
초급,그런,那種人그런 사람,決定因素관형사,那,那種人,그런 사람,決定因素,관형사,그런01
초급,그런데,−−,副詞부사,然而,−,−,副詞,부사,그런데
초급,그럼,然後그러면,副詞부사,然後,然後,그러면,副詞,부사,그럼01
초급,그럼,"當然是這樣。그럼, 당연하지",欹감탄사,然後,當然是這樣。,"그럼, 당연하지",欹,감탄사,그럼02
초급,그렇다,情況사정이,形容詞형용사,沒錯。,情況,사정이,形容詞,형용사,그렇다
초급,그렇지만,−−,副詞부사,但,−,−,副詞,부사,그렇지만
초급,그릇,放入에 담다,名詞명사,碗,放入,에 담다,名詞,명사,그릇01
초급,그리고,−−,副詞부사,和,−,−,副詞,부사,그리고
초급,그리다,圖片그림을,動詞동사,畫,圖片,그림을,動詞,동사,그리다02
초급,그림,畫을 그리다,名詞명사,繪畫,畫,을 그리다,名詞,명사,그림01
초급,그립다,家庭가족이,形容詞형용사,我想你,家庭,가족이,形容詞,형용사,그립다
초급,그만,停止進食그만 먹다,副詞부사,停止,停止進食,그만 먹다,副詞,부사,그만02
초급,그만두다,學校학교를,動詞동사,辭職,學校,학교를,動詞,동사,그만두다
초급,그분,見面을 만나다,代名詞대명사,那個人,見面,을 만나다,代名詞,대명사,그분
초급,그저께,前天晚上그저께 밤,副詞/名詞부사/명사,前天,前天晚上,그저께 밤,副詞/名詞,부사/명사,그저께
초급,그쪽,前往으로 가다,代名詞대명사,那邊,前往,으로 가다,代名詞,대명사,그쪽
초급,그치다,輓歌비가,動詞동사,停止,輓歌,비가,動詞,동사,그치다
초급,극장,篩選에서 상영하다,名詞명사,劇院,篩選,에서 상영하다,名詞,명사,극장
초급,근처,我家附近집 근처,名詞명사,大約,我家附近,집 근처,名詞,명사,근처
초급,글,寫을 쓰다,名詞명사,寫作,寫,을 쓰다,名詞,명사,글
초급,글쎄,"嗯，我不太清楚。글쎄, 잘 몰라요",欹감탄사,出色地,嗯，我不太清楚。,"글쎄, 잘 몰라요",欹,감탄사,글쎄01
초급,글쎄요,嗯，我不知道。글쎄요. 몰라요.,欹감탄사,出色地,嗯，我不知道。,글쎄요. 몰라요.,欹,감탄사,글쎄요
초급,글씨,寫를 쓰다,名詞명사,手寫,寫,를 쓰다,名詞,명사,글씨
초급,글자,寫를 쓰다,名詞명사,信,寫,를 쓰다,名詞,명사,글자
초급,금방,現在방금,副詞부사,很快,現在,방금,副詞,부사,금방01
초급,금요일,星期幾요일,名詞명사,星期五,星期幾,요일,名詞,명사,금요일
초급,금지,頻道통행 금지,名詞명사,禁令,頻道,통행 금지,名詞,명사,금지04
초급,급하다,情況사정이,形容詞형용사,緊迫的,情況,사정이,形容詞,형용사,급하다
초급,기간,這段路經過이 지나다,名詞명사,時期,這段路經過,이 지나다,名詞,명사,기간07
초급,기다리다,公車버스를,動詞동사,等待,公車,버스를,動詞,동사,기다리다
초급,기르다,狗개를,動詞동사,培育,狗,개를,動詞,동사,기르다
초급,기름,煎炸에 튀기다,名詞명사,油,煎炸,에 튀기다,名詞,명사,기름01
초급,기말시험,查看을 보다,名詞명사,期末考,查看,을 보다,名詞,명사,기말시험
초급,기분,這很好이 좋다,名詞명사,情緒,這很好,이 좋다,名詞,명사,기분01
초급,기뻐하다,畢業졸업을,動詞동사,麾,畢業,졸업을,動詞,동사,기뻐하다
초급,기쁘다,心마음이,形容詞형용사,快樂的,心,마음이,形容詞,형용사,기쁘다
초급,기쁨,分享을 나누다,名詞명사,喜,分享,을 나누다,名詞,명사,기쁨
초급,기숙사,住在에서 살다,名詞명사,宿舍,住在,에서 살다,名詞,명사,기숙사
초급,기억,這就是我。이 나다,名詞명사,記憶,這就是我。,이 나다,名詞,명사,기억02
초급,기억나다,名稱이름이,動詞동사,我記得,名稱,이름이,動詞,동사,기억나다
초급,기온,這是高이 높다,名詞명사,溫度,這是高,이 높다,名詞,명사,기온
초급,기자,報社記者신문 기자,名詞명사,記者,報社記者,신문 기자,名詞,명사,기자05
초급,기차,騎를 타다,名詞명사,火車,騎,를 타다,名詞,명사,기차01
초급,기차역,到達에 도착하다,名詞명사,火車站,到達,에 도착하다,名詞,명사,기차역
초급,기차표,切斷를 끊다,名詞명사,火車票,切斷,를 끊다,名詞,명사,기차표
초급,기침,這就是我。이 나다,名詞명사,咳嗽,這就是我。,이 나다,名詞,명사,기침01
초급,기타,擊中를 치다,名詞명사,ETC,擊中,를 치다,名詞,명사,기타02
초급,기회,錯過를 놓치다,名詞명사,機會,錯過,를 놓치다,名詞,명사,기회03
초급,긴장,解決을 풀다,名詞명사,緊張的,解決,을 풀다,名詞,명사,긴장
초급,길,此操作已被阻止이 막히다,名詞명사,路,此操作已被阻止,이 막히다,名詞,명사,길01
초급,길다,腿다리가,形容詞형용사,長的,腿,다리가,形容詞,형용사,길다02
초급,길이,測量를 재다,名詞명사,長度,測量,를 재다,名詞,명사,길이01
초급,김,吃을 먹다,名詞명사,海藻,吃,을 먹다,名詞,명사,김03
초급,김밥,裹을 싸다,名詞명사,紫菜包飯,裹,을 싸다,名詞,명사,김밥
초급,김치,浸泡를 담그다,名詞명사,泡菜,浸泡,를 담그다,名詞,명사,김치01
초급,김치찌개,煮沸를 끓이다,名詞명사,泡菜湯,煮沸,를 끓이다,名詞,명사,김치찌개
초급,깊다,海바다가,形容詞형용사,深的,海,바다가,形容詞,형용사,깊다
초급,깊이,深埋깊이 묻다,副詞부사,深度,深埋,깊이 묻다,副詞,부사,깊이02
초급,까만색,顏色색깔,名詞명사,黑色的,顏色,색깔,名詞,명사,까만색
초급,까맣다,夜空밤하늘이,形容詞형용사,黑色的,夜空,밤하늘이,形容詞,형용사,까맣다
초급,깎다,蘋果사과를,動詞동사,擊敗,蘋果,사과를,動詞,동사,깎다
초급,깜짝,眨眼眨眼깜짝 놀라다,副詞부사,驚喜,眨眼眨眼,깜짝 놀라다,副詞,부사,깜짝02
초급,깨끗이,清除깨끗이 씻다,副詞부사,乾淨的,清除,깨끗이 씻다,副詞,부사,깨끗이
초급,깨끗하다,衣服옷이 ,形容詞형용사,乾淨的,衣服,옷이 ,形容詞,형용사,깨끗하다
초급,깨다,睡覺잠이,動詞동사,休息,睡覺,잠이,動詞,동사,깨다01
초급,꺼내다,從袋子裡가방에서,動詞동사,取出,從袋子裡,가방에서,動詞,동사,꺼내다
초급,껌,嚼을 씹다,名詞명사,口香糖,嚼,을 씹다,名詞,명사,껌
초급,꼭,這是絕對必要的꼭 필요하다,副詞부사,請,這是絕對必要的,꼭 필요하다,副詞,부사,꼭03
초급,꽃,這朵花이 피다,名詞명사,花,這朵花,이 피다,名詞,명사,꽃01
초급,꽃다발,送禮物을 선물하다,名詞명사,花束,送禮物,을 선물하다,名詞,명사,꽃다발
초급,꽃병,打破을 깨뜨리다,名詞명사,花瓶,打破,을 깨뜨리다,名詞,명사,꽃병
초급,꽃집,打開을 열다,名詞명사,花店,打開,을 열다,名詞,명사,꽃집
초급,꾸다,夢꿈을,動詞동사,做夢,夢,꿈을,動詞,동사,꾸다01
초급,꿈,做夢을 꾸다,名詞명사,夢,做夢,을 꾸다,名詞,명사,꿈01
초급,끄다,火불을,動詞동사,關,火,불을,動詞,동사,끄다01
초급,끊다,香菸담배를,動詞동사,斷絕,香菸,담배를,動詞,동사,끊다
초급,끓다,水물이,動詞동사,熬,水,물이,動詞,동사,끓다
초급,끓이다,水물을,動詞동사,熬,水,물을,動詞,동사,끓이다01
초급,끝,開始시작,名詞명사,結尾,開始,시작,名詞,명사,끝01
초급,끝나다,班級수업이,動詞동사,結尾,班級,수업이,動詞,동사,끝나다
초급,끝내다,工作일을,動詞동사,結束,工作,일을,動詞,동사,끝내다
초급,끼다,戒指반지를,動詞동사,折疊,戒指,반지를,動詞,동사,끼다01
초급,나,我和你나와 너,代名詞/名詞대명사/명사,我,我和你,나와 너,代名詞/名詞,대명사/명사,나03
초급,나가다,出去밖으로,動詞동사,出去,出去,밖으로,動詞,동사,나가다
초급,나누다,兩個둘로,動詞동사,劃分,兩個,둘로,動詞,동사,나누다
초급,나다,鬍鬚수염이,動詞동사,生長,鬍鬚,수염이,動詞,동사,나다01
초급,나라,我們的國家우리 나라,名詞명사,國家,我們的國家,우리 나라,名詞,명사,나라01
초급,나머지,剩餘的錢나머지 돈,名詞명사,保持,剩餘的錢,나머지 돈,名詞,명사,나머지
초급,나무,植物를 심다,名詞명사,樹,植物,를 심다,名詞,명사,나무01
초급,나쁘다,空氣공기가,形容詞형용사,壞的,空氣,공기가,形容詞,형용사,나쁘다01
초급,나오다,外部밖에,動詞동사,出來,外部,밖에,動詞,동사,나오다
초급,나이,有許多가 많다,名詞명사,年齡,有許多,가 많다,名詞,명사,나이01
초급,나중,實現에 깨닫다,名詞명사,之後,實現,에 깨닫다,名詞,명사,나중01
초급,나타나다,這棟建築건물이,動詞동사,出現,這棟建築,건물이,動詞,동사,나타나다
초급,나흘,這需要時間이 걸리다,名詞명사,四天,這需要時間,이 걸리다,名詞,명사,나흘
초급,낚시,前往를 가다,名詞명사,釣鉤,前往,를 가다,名詞,명사,낚시
초급,날,最後一天마지막 날,名詞/從屬名詞명사/의존명사,我,最後一天,마지막 날,名詞/從屬名詞,명사/의존명사,날01
초급,날다,那隻鳥새가,動詞동사,飛,那隻鳥,새가,動詞,동사,날다01
초급,날씨,這很好가 좋다,名詞명사,天氣,這很好,가 좋다,名詞,명사,날씨01
초급,날씬하다,體型몸매가,形容詞형용사,苗條的,體型,몸매가,形容詞,형용사,날씬하다
초급,날아다니다,蝴蝶나비가,動詞동사,四處飛行,蝴蝶,나비가,動詞,동사,날아다니다
초급,날짜,決定를 정하다,名詞명사,日期,決定,를 정하다,名詞,명사,날짜01
초급,남,其他的타인,名詞명사,其他,其他的,타인,名詞,명사,남01
초급,남기다,食物음식을,動詞동사,離開,食物,음식을,動詞,동사,남기다
초급,남녀,性別平等남녀 평등,名詞명사,男女,性別平等,남녀 평등,名詞,명사,남녀
초급,남다,時間시간이,動詞동사,保持,時間,시간이,動詞,동사,남다01
초급,남대문,古代遺址고적,名詞명사,南大門,古代遺址,고적,名詞,명사,남대문
초급,남동생,照顧을 돌보다,名詞명사,弟弟,照顧,을 돌보다,名詞,명사,남동생
초급,남산,提名지명,名詞명사,南山,提名,지명,名詞,명사,남산02
초급,남성,女性여성,名詞명사,男性,女性,여성,名詞,명사,남성01
초급,남자,女性여자,名詞명사,男人,女性,여자,名詞,명사,남자02
초급,남쪽,北북쪽,名詞명사,南,北,북쪽,名詞,명사,남쪽
초급,남편,妻子아내,名詞명사,丈夫,妻子,아내,名詞,명사,남편01
초급,남학생,女學生여학생,名詞명사,男生,女學生,여학생,名詞,명사,남학생
초급,낫다,疾病병이,動詞동사,超過,疾病,병이,動詞,동사,낫다01
초급,낫다,更好더 낫다,形容詞형용사,超過,更好,더 낫다,形容詞,형용사,낫다02
초급,낮,夜晚밤,名詞명사,午安,夜晚,밤,名詞,명사,낮
초급,낮다,山산이,形容詞형용사,以下,山,산이,形容詞,형용사,낮다
초급,낮잠,睡覺을 자다,名詞명사,午休,睡覺,을 자다,名詞,명사,낮잠
초급,내,我내가,代名詞대명사,我的,我,내가,代名詞,대명사,내04
초급,내과,醫院병원,名詞명사,藥品,醫院,병원,名詞,명사,내과01
초급,내년,明年夏天내년 여름,名詞명사,明年,明年夏天,내년 여름,名詞,명사,내년
초급,내다,問題문제를,動詞동사,給,問題,문제를,動詞,동사,내다02
초급,내려가다,向下아래로,動詞동사,下去,向下,아래로,動詞,동사,내려가다
초급,내려오다,向下아래로,動詞동사,墜落,向下,아래로,動詞,동사,내려오다
초급,내리다,輓歌비가,動詞동사,下車,輓歌,비가,動詞,동사,내리다01
초급,내용,課程內容수업 내용,名詞명사,細節,課程內容,수업 내용,名詞,명사,내용02
초급,내일,延遲로 미루다,名詞/副詞명사/부사,明天,延遲,로 미루다,名詞/副詞,명사/부사,내일
초급,냄비,煮沸에 끓이다,名詞명사,鍋,煮沸,에 끓이다,名詞,명사,냄비
초급,냄새,負責를 맡다,名詞명사,聞,負責,를 맡다,名詞,명사,냄새
초급,냉면,吃을 먹다,名詞명사,涼麵,吃,을 먹다,名詞,명사,냉면
초급,냉장고,放入에 넣다,名詞명사,冰箱,放入,에 넣다,名詞,명사,냉장고
초급,너,我나,代名詞대명사,你,我,나,代名詞,대명사,너01
초급,너무,太過分了。너무 심하다,副詞부사,也,太過分了。,너무 심하다,副詞,부사,너무01
초급,너희,你的家人너희 가족,代名詞대명사,你們,你的家人,너희 가족,代名詞,대명사,너희
초급,넓다,房子집이,形容詞형용사,寬的,房子,집이,形容詞,형용사,넓다
초급,넘다,三小時세 시간이,動詞동사,超過,三小時,세 시간이,動詞,동사,넘다01
초급,넘어지다,自行車자전거가,動詞동사,跌倒,自行車,자전거가,動詞,동사,넘어지다
초급,넣다,圖書책을,動詞동사,括,圖書,책을,動詞,동사,넣다
초급,네,你네가,代名詞대명사,是的,你,네가,代名詞,대명사,네01
초급,네,（4）숫자(4),決定因素관형사,是的,（4）,숫자(4),決定因素,관형사,네02
초급,네,回答대답,欹감탄사,是的,回答,대답,欹,감탄사,네03
초급,넥타이,系를 매다,名詞명사,領帶,系,를 매다,名詞,명사,넥타이
초급,넷,數位숫자,調查수사,四,數位,숫자,調查,수사,넷01
초급,넷째,第四小時넷째 시간,數字 · 形容詞/名詞수사·관형사/명사,第四,第四小時,넷째 시간,數字 · 形容詞/名詞,수사·관형사/명사,넷째
초급,년,20152015년,從屬名詞의존명사,年,2015,2015년,從屬名詞,의존명사,년02
초급,노란색,顏色색깔,名詞명사,黃色的,顏色,색깔,名詞,명사,노란색
초급,노랗다,小雞병아리가,形容詞형용사,黃色的,小雞,병아리가,形容詞,형용사,노랗다
초급,노래,打電話를 부르다,名詞명사,唱歌,打電話,를 부르다,名詞,명사,노래01
초급,노래방,前往에 가다,名詞명사,卡拉OK,前往,에 가다,名詞,명사,노래방
초급,노력,做을 하다,名詞명사,努力,做,을 하다,名詞,명사,노력01
초급,노인,尊重을 공경하다,名詞명사,老頭,尊重,을 공경하다,名詞,명사,노인01
초급,노트,使用에 쓰다,名詞명사,筆記,使用,에 쓰다,名詞,명사,노트02
초급,녹색,顏色색깔,名詞명사,綠色的,顏色,색깔,名詞,명사,녹색
초급,녹차,喝를 마시다,名詞명사,綠茶,喝,를 마시다,名詞,명사,녹차01
초급,놀다,和朋友一起玩친구와 놀다,動詞동사,玩,和朋友一起玩,친구와 놀다,動詞,동사,놀다01
초급,놀라다,眨眼眨眼깜짝 놀라다,動詞동사,驚訝,眨眼眨眼,깜짝 놀라다,動詞,동사,놀라다
초급,놀이,玩偶遊戲인형 놀이,名詞명사,玩,玩偶遊戲,인형 놀이,名詞,명사,놀이01
초급,농구,籃球比賽농구 경기,名詞명사,籃球,籃球比賽,농구 경기,名詞,명사,농구06
초급,농담,交換을 주고받다,名詞명사,開玩笑,交換,을 주고받다,名詞,명사,농담01
초급,높다,山산이,形容詞형용사,嗨,山,산이,形容詞,형용사,높다
초급,높이,很高가 높다,名詞명사,高度,很高,가 높다,名詞,명사,높이01
초급,높이,飛得很高높이 날다,副詞부사,高度,飛得很高,높이 날다,副詞,부사,높이02
초급,놓다,筆펜을,動詞동사,放,筆,펜을,動詞,동사,놓다01
초급,누구,有人在嗎？거기 누구 계세요?,代名詞대명사,WHO,有人在嗎？,거기 누구 계세요?,代名詞,대명사,누구
초급,누나,表哥사촌 누나,名詞명사,姊姊,表哥,사촌 누나,名詞,명사,누나01
초급,누르다,按鈕버튼을,動詞동사,按,按鈕,버튼을,動詞,동사,누르다01
초급,눈,這是小的이 작다,名詞명사,眼睛,這是小的,이 작다,名詞,명사,눈01
초급,눈,天氣날씨,名詞명사,眼睛,天氣,날씨,名詞,명사,눈04
초급,눈물,這流이 흐르다,名詞명사,淚珠,這流,이 흐르다,名詞,명사,눈물01
초급,눕다,在地板上바닥에,動詞동사,斜躺,在地板上,바닥에,動詞,동사,눕다01
초급,뉴스,看를 보다,名詞명사,訊息,看,를 보다,名詞,명사,뉴스
초급,느끼다,寒冷的추위를,動詞동사,感覺,寒冷的,추위를,動詞,동사,느끼다02
초급,느낌,這很好이 좋다,名詞명사,感覺,這很好,이 좋다,名詞,명사,느낌
초급,느리다,步驟걸음이,形容詞형용사,慢的,步驟,걸음이,形容詞,형용사,느리다01
초급,늘,總是見面늘 만나다,副詞부사,總是,總是見面,늘 만나다,副詞,부사,늘
초급,늘다,該區域면적이,動詞동사,獲得,該區域,면적이,動詞,동사,늘다01
초급,늙다,人사람이,動詞동사,變老,人,사람이,動詞,동사,늙다
초급,능력,有이 있다,名詞명사,能力,有,이 있다,名詞,명사,능력02
초급,늦다,時鐘시계가,形容詞/動詞형용사/동사,晚的,時鐘,시계가,形容詞/動詞,형용사/동사,늦다
초급,다,每一個모두,副詞/名詞부사/명사,全部,每一個,모두,副詞/名詞,부사/명사,다03
초급,다녀오다,在學校학교에,動詞동사,我去了，然後又回來了,在學校,학교에,動詞,동사,다녀오다
초급,다니다,公司회사에,動詞동사,去,公司,회사에,動詞,동사,다니다
초급,다르다,形狀모양이,形容詞형용사,不同的,形狀,모양이,形容詞,형용사,다르다01
초급,다른,其他國家다른 나라,決定因素관형사,不同的,其他國家,다른 나라,決定因素,관형사,다른
초급,다리,很長가 길다,名詞명사,腿,很長,가 길다,名詞,명사,다리01
초급,다리,叉를 건너다,名詞명사,腿,叉,를 건너다,名詞,명사,다리02
초급,다림질,做을 하다,名詞명사,熨燙,做,을 하다,名詞,명사,다림질
초급,다섯,五件事다섯 개,調查性的和形容詞수사·관형사,五,五件事,다섯 개,調查性的和形容詞,수사·관형사,다섯
초급,다섯째,第五人稱다섯째 사람,數字 · 形容詞/名詞수사·관형사/명사,第五,第五人稱,다섯째 사람,數字 · 形容詞/名詞,수사·관형사/명사,다섯째
초급,다시,重新開始다시 시작하다,副詞부사,再次,重新開始,다시 시작하다,副詞,부사,다시01
초급,다양,各種方法다양한 방법,名詞명사,各種各樣的,各種方法,다양한 방법,名詞,명사,다양
초급,다음,第二天다음 날,名詞명사,下一個,第二天,다음 날,名詞,명사,다음01
초급,다음날,見面에 만나다,名詞명사,第二天,見面,에 만나다,名詞,명사,다음날
초급,다이어트,成功에 성공하다,名詞명사,飲食,成功,에 성공하다,名詞,명사,다이어트
초급,다치다,手臂팔을,動詞동사,損害,手臂,팔을,動詞,동사,다치다01
초급,다하다,活力기력이,動詞동사,實現,活力,기력이,動詞,동사,다하다
초급,닦다,鞋구두를,動詞동사,拋光,鞋,구두를,動詞,동사,닦다01
초급,단순,簡單勞動단순 노동,名詞명사,簡單的,簡單勞動,단순 노동,名詞,명사,단순02
초급,단어,記住를 외우다,名詞명사,單字,記住,를 외우다,名詞,명사,단어
초급,단추,落下가 떨어지다,名詞명사,按鈕,落下,가 떨어지다,名詞,명사,단추01
초급,단풍,這이 들다,名詞명사,秋葉,這,이 들다,名詞,명사,단풍01
초급,닫다,門문을,動詞동사,關閉,門,문을,動詞,동사,닫다02
초급,달,下個月다음 달,名詞/從屬名詞명사/의존명사,月亮,下個月,다음 달,名詞/從屬名詞,명사/의존명사,달05
초급,달걀,煮沸을 삶다,名詞명사,蛋,煮沸,을 삶다,名詞,명사,달걀
초급,달다,品嚐맛이,形容詞형용사,稱重,品嚐,맛이,形容詞,형용사,달다07
초급,달력,懸掛을 걸다,名詞명사,日曆,懸掛,을 걸다,名詞,명사,달력
초급,달리기,它速度很快가 빠르다,名詞명사,跑步,它速度很快,가 빠르다,名詞,명사,달리기
초급,달리다,跑得快빨리 달리다,動詞동사,跑步,跑得快,빨리 달리다,動詞,동사,달리다04
초급,닭,提高을 키우다,名詞명사,雞,提高,을 키우다,名詞,명사,닭
초급,닭고기,翻炒를 볶다,名詞명사,雞,翻炒,를 볶다,名詞,명사,닭고기
초급,닮다,爸爸아빠를,動詞동사,模仿,爸爸,아빠를,動詞,동사,닮다
초급,담배,抽煙를 피우다,名詞명사,捲菸,抽煙,를 피우다,名詞,명사,담배
초급,답,沒有이 없다,名詞명사,回答,沒有,이 없다,名詞,명사,답03
초급,답답하다,我的心가슴이,形容詞형용사,沮喪的,我的心,가슴이,形容詞,형용사,답답하다
초급,답장,傳送을 보내다,名詞명사,回覆,傳送,을 보내다,名詞,명사,답장
초급,대,一輛車차 한 대,從屬名詞의존명사,大的,一輛車,차 한 대,從屬名詞,의존명사,대16
초급,대구,住在에 살다,名詞명사,大邱,住在,에 살다,名詞,명사,대구03
초급,대답,等待을 기다리다,名詞명사,回答,等待,을 기다리다,名詞,명사,대답
초급,대부분,大多數時候대부분의 시간,名詞/副詞명사/부사,大多,大多數時候,대부분의 시간,名詞/副詞,명사/부사,대부분
초급,대사관,美國大使館미국 대사관,名詞명사,大使館,美國大使館,미국 대사관,名詞,명사,대사관
초급,대전,提名지명,名詞명사,電氣化,提名,지명,名詞,명사,대전01
초급,대학,進入에 들어가다,名詞명사,大學,進入,에 들어가다,名詞,명사,대학01
초급,대학교,報名參加에 입학하다,名詞명사,大學,報名參加,에 입학하다,名詞,명사,대학교
초급,대학생,變得이 되다,名詞명사,學術的,變得,이 되다,名詞,명사,대학생
초급,대학원,出席을 다니다,名詞명사,研究所,出席,을 다니다,名詞,명사,대학원
초급,대화,分享를 나누다,名詞명사,對話,分享,를 나누다,名詞,명사,대화06
초급,대회,它打開가 열리다,名詞명사,集會,它打開,가 열리다,名詞,명사,대회02
초급,댁,教師之家선생님 댁,名詞/代名詞명사/대명사,家,教師之家,선생님 댁,名詞/代名詞,명사/대명사,댁01
초급,더,其他하나 더,副詞부사,更多的,其他,하나 더,副詞,부사,더01
초급,더럽다,手손이,形容詞형용사,它很髒,手,손이,形容詞,형용사,더럽다
초급,더욱,甚至更好더욱 좋다,副詞부사,更多的,甚至更好,더욱 좋다,副詞,부사,더욱
초급,덕분,感謝我的父母부모님 덕분,名詞명사,由於,感謝我的父母,부모님 덕분,名詞,명사,덕분
초급,던지다,球공을,動詞동사,丟,球,공을,動詞,동사,던지다
초급,덥다,天氣날씨가,形容詞형용사,很熱,天氣,날씨가,形容詞,형용사,덥다01
초급,데려가다,孩子아이를,動詞동사,拿,孩子,아이를,動詞,동사,데려가다
초급,데려오다,朋友們친구를,動詞동사,帶來,朋友們,친구를,動詞,동사,데려오다
초급,데이트,申請를 신청하다,名詞명사,日期,申請,를 신청하다,名詞,명사,데이트
초급,도,影片영상 일 도,從屬名詞의존명사,做,影片,영상 일 도,從屬名詞,의존명사,도05
초급,도로,叉를 건너다,名詞명사,道路名稱,叉,를 건너다,名詞,명사,도로07
초급,도서관,在…學習에서 공부하다,名詞명사,圖書館,在…學習,에서 공부하다,名詞,명사,도서관
초급,도시,建造를 건설하다,名詞명사,城市,建造,를 건설하다,名詞,명사,도시03
초급,도와주다,工作일을,動詞동사,幫助,工作,일을,動詞,동사,도와주다
초급,도움,接收을 받다,名詞명사,幫助,接收,을 받다,名詞,명사,도움
초급,도착,到達時間도착 시간,名詞명사,到達,到達時間,도착 시간,名詞,명사,도착01
초급,독서,做를 하다,名詞명사,閱讀,做,를 하다,名詞,명사,독서03
초급,독일,國家나라,名詞명사,德國,國家,나라,名詞,명사,독일
초급,돈,賺取을 벌다,名詞명사,錢,賺取,을 벌다,名詞,명사,돈01
초급,돈가스,吃를 먹다,名詞명사,豬排,吃,를 먹다,名詞,명사,돈가스
초급,돌,丟을 던지다,名詞명사,岩石,丟,을 던지다,名詞,명사,돌02
초급,돌다,輪子바퀴가,動詞동사,轉動,輪子,바퀴가,動詞,동사,돌다
초급,돌려주다,圖書책을,動詞동사,返回,圖書,책을,動詞,동사,돌려주다
초급,돌리다,車輪바퀴를,動詞동사,轉動,車輪,바퀴를,動詞,동사,돌리다04
초급,돌아가다,輪子바퀴가,動詞동사,返回,輪子,바퀴가,動詞,동사,돌아가다
초급,돌아오다,在學校학교에서,動詞동사,返回,在學校,학교에서,動詞,동사,돌아오다
초급,돕다,父親아버지를,動詞동사,幫助,父親,아버지를,動詞,동사,돕다
초급,동네,鄰里居民동네 사람,名詞명사,鄰裡,鄰里居民,동네 사람,名詞,명사,동네
초급,동대문,古代遺址고적,名詞명사,東大門,古代遺址,고적,名詞,명사,동대문
초급,동물,提高을 키우다,名詞명사,動物,提高,을 키우다,名詞,명사,동물
초급,동물원,前往에 가다,名詞명사,動物園,前往,에 가다,名詞,명사,동물원
초급,동생,這是誕生的이 태어나다,名詞명사,弟弟妹妹,這是誕生的,이 태어나다,名詞,명사,동생01
초급,동시,發生에 일어나다,名詞명사,同時,發生,에 일어나다,名詞,명사,동시02
초급,동안,幾天며칠 동안,名詞명사,期間,幾天,며칠 동안,名詞,명사,동안01
초급,동전,100韓元硬幣백 원짜리 동전,名詞명사,硬幣,100韓元硬幣,백 원짜리 동전,名詞,명사,동전05
초급,동쪽,方向방향,名詞명사,東方,方向,방향,名詞,명사,동쪽
초급,돼지,提高를 기르다,名詞명사,豬,提高,를 기르다,名詞,명사,돼지
초급,돼지고기,吃를 먹다,名詞명사,豬肉,吃,를 먹다,名詞,명사,돼지고기
초급,되다,這位演員배우가,動詞동사,變得,這位演員,배우가,動詞,동사,되다01
초급,-되다,將被取消취소되다,詞綴접사,-變得,將被取消,취소되다,詞綴,접사,-되다05
초급,된장,拍照에 찍다,名詞명사,大豆醬,拍照,에 찍다,名詞,명사,된장
초급,된장찌개,吃를 먹다,名詞명사,豆醬湯,吃,를 먹다,名詞,명사,된장찌개
초급,두,數位숫자,決定因素관형사,二,數位,숫자,決定因素,관형사,두01
초급,두껍다,這本書책이,形容詞형용사,厚的,這本書,책이,形容詞,형용사,두껍다
초급,두다,在桌子上책상 위에,動詞동사,躺,在桌子上,책상 위에,動詞,동사,두다01
초급,두부,吃를 먹다,名詞명사,豆腐,吃,를 먹다,名詞,명사,두부01
초급,두세,兩三個두세 개,決定因素관형사,兩三個,兩三個,두세 개,決定因素,관형사,두세
초급,두통,遭受을 앓다,名詞명사,頭痛,遭受,을 앓다,名詞,명사,두통
초급,둘,數位숫자,調查수사,二,數位,숫자,調查,수사,둘01
초급,둘째,二女兒둘째 딸,數字 · 形容詞/名詞수사·관형사/명사,第二,二女兒,둘째 딸,數字 · 形容詞/名詞,수사·관형사/명사,둘째
초급,뒤,是에 있다,名詞명사,後退,是,에 있다,名詞,명사,뒤01
초급,뒤쪽,方向방향,名詞명사,後退,方向,방향,名詞,명사,뒤쪽01
초급,드디어,終於結束了드디어 끝나다,副詞부사,最後,終於結束了,드디어 끝나다,副詞,부사,드디어
초급,드라마,看를 보다,名詞명사,戲劇,看,를 보다,名詞,명사,드라마
초급,드리다,津貼용돈을,動詞동사,編織,津貼,용돈을,動詞,동사,드리다01
초급,듣다,音樂음악을,動詞동사,聽,音樂,음악을,動詞,동사,듣다01
초급,들다,錢돈이,動詞동사,抓住,錢,돈이,動詞,동사,들다01
초급,들다,包包가방을,動詞동사,抓住,包包,가방을,動詞,동사,들다04
초급,들르다,在書店서점에,動詞동사,順道來一下,在書店,서점에,動詞,동사,들르다
초급,들리다,聲音소리가,動詞동사,纏住,聲音,소리가,動詞,동사,들리다03
초급,들어가다,到房間방으로,動詞동사,進入,到房間,방으로,動詞,동사,들어가다01
초급,들어오다,去學校학교로,動詞동사,進來,去學校,학교로,動詞,동사,들어오다
초급,등,身體신체,名詞명사,ETC。,身體,신체,名詞,명사,등01
초급,등산,前往을 가다,名詞명사,登山,前往,을 가다,名詞,명사,등산
초급,디자인,這很漂亮이 예쁘다,名詞명사,設計,這很漂亮,이 예쁘다,名詞,명사,디자인
초급,따뜻하다,房間內部방 안이,形容詞형용사,溫暖的,房間內部,방 안이,形容詞,형용사,따뜻하다
초급,따로,分離따로 분리하다,副詞부사,分別地,分離,따로 분리하다,副詞,부사,따로
초급,딸,兒子아들,名詞명사,女兒,兒子,아들,名詞,명사,딸01
초급,딸기,水果과일,名詞명사,草莓,水果,과일,名詞,명사,딸기
초급,땀,這就是我。이 나다,名詞명사,汗,這就是我。,이 나다,名詞,명사,땀01
초급,땅,陷入에 떨어지다,名詞명사,地球,陷入,에 떨어지다,名詞,명사,땅01
초급,때,我年輕的時候어릴 때,名詞명사,當時,我年輕的時候,어릴 때,名詞,명사,때01
초급,떠나다,某處어디론가,動詞동사,離開,某處,어디론가,動詞,동사,떠나다
초급,떠들다,高聲시끄럽게,動詞동사,舉起,高聲,시끄럽게,動詞,동사,떠들다01
초급,떡,食物음식,名詞명사,米糕,食物,음식,名詞,명사,떡01
초급,떡국,食物음식,名詞명사,年糕國,食物,음식,名詞,명사,떡국
초급,떡볶이,食物음식,名詞명사,炒年糕,食物,음식,名詞,명사,떡볶이
초급,떨어지다,到懸崖邊낭떠러지로 ,動詞동사,下車,到懸崖邊,낭떠러지로 ,動詞,동사,떨어지다
초급,또,再次發生또 생기다,副詞부사,還,再次發生,또 생기다,副詞,부사,또
초급,또는,男人或女人남자 또는 여자,副詞부사,或者,男人或女人,남자 또는 여자,副詞,부사,또는
초급,똑같다,形狀모양이,形容詞형용사,是一樣的。,形狀,모양이,形容詞,형용사,똑같다
초급,똑같이,均分똑같이 나누다,副詞부사,完全一樣,均分,똑같이 나누다,副詞,부사,똑같이
초급,똑똑하다,頭머리가,形容詞형용사,聰明的,頭,머리가,形容詞,형용사,똑똑하다
초급,똑바로,直行똑바로 가다,副詞부사,直立,直行,똑바로 가다,副詞,부사,똑바로
초급,뚱뚱하다,體型몸매가,形容詞형용사,胖的,體型,몸매가,形容詞,형용사,뚱뚱하다
초급,뛰다,運動場운동장을,動詞동사,搏動,運動場,운동장을,動詞,동사,뛰다02
초급,뛰어가다,去學校학교로,動詞동사,跑步,去學校,학교로,動詞,동사,뛰어가다
초급,뜨겁다,高湯국물이,形容詞형용사,天氣很熱,高湯,국물이,形容詞,형용사,뜨겁다
초급,뜨다,眼睛눈을,動詞동사,針織,眼睛,눈을,動詞,동사,뜨다05
초급,뜻,這很難。이 어렵다,名詞명사,意義,這很難。,이 어렵다,名詞,명사,뜻
초급,라디오,打開를 켜다,名詞명사,收音機,打開,를 켜다,名詞,명사,라디오
초급,라면,食物음식,名詞명사,拉麵,食物,음식,名詞,명사,라면01
초급,러시아,國家나라,名詞명사,俄羅斯,國家,나라,名詞,명사,러시아
초급,레스토랑,在에서 먹다,名詞명사,餐廳,在,에서 먹다,名詞,명사,레스토랑
초급,마당,這是廣泛的이 넓다,名詞명사,庭院,這是廣泛的,이 넓다,名詞,명사,마당
초급,마르다,水分물기가,動詞동사,乾燥,水分,물기가,動詞,동사,마르다01
초급,마리,一한 마리,從屬名詞의존명사,動物數量,一,한 마리,從屬名詞,의존명사,마리01
초급,마시다,水물을,動詞동사,喝,水,물을,動詞,동사,마시다
초급,마을,住在에 살다,名詞명사,村莊,住在,에 살다,名詞,명사,마을01
초급,마음,天氣溫暖이 따뜻하다,名詞명사,頭腦,天氣溫暖,이 따뜻하다,名詞,명사,마음01
초급,마중,前往을 가다,名詞명사,會議,前往,을 가다,名詞,명사,마중01
초급,마지막,上一場比賽마지막 경기,名詞명사,最後的,上一場比賽,마지막 경기,名詞,명사,마지막
초급,마치다,工作일을,動詞동사,結束,工作,일을,動詞,동사,마치다02
초급,마트,從에서 사다,名詞명사,市場,從,에서 사다,名詞,명사,마트
초급,마흔,四十마흔 개,調查性的和形容詞수사·관형사,四十,四十,마흔 개,調查性的和形容詞,수사·관형사,마흔
초급,막걸리,喝를 마시다,名詞명사,馬格利酒,喝,를 마시다,名詞,명사,막걸리
초급,막히다,頻道통로가,動詞동사,犯規,頻道,통로가,動詞,동사,막히다
초급,만,數位숫자,調查性的和形容詞수사·관형사,僅有的,數位,숫자,調查性的和形容詞,수사·관형사,만06
초급,만나다,朋友們친구를,動詞동사,見面,朋友們,친구를,動詞,동사,만나다
초급,만두,食物음식,名詞명사,餃子,食物,음식,名詞,명사,만두01
초급,만들다,食物음식을,動詞동사,製作,食物,음식을,動詞,동사,만들다
초급,만약,以防萬一만약의 경우,名詞명사,如果,以防萬一,만약의 경우,名詞,명사,만약
초급,만일,為…做準備에 대비하다,名詞명사,應該,為…做準備,에 대비하다,名詞,명사,만일01
초급,만지다,雙手손을,動詞동사,觸碰,雙手,손을,動詞,동사,만지다
초급,만화,畫를 그리다,名詞명사,漫畫書,畫,를 그리다,名詞,명사,만화10
초급,많다,錢돈이,形容詞형용사,有許多,錢,돈이,形容詞,형용사,많다
초급,많이,大量購買많이 사다,副詞부사,許多,大量購買,많이 사다,副詞,부사,많이
초급,말,做을 하다,名詞명사,單字,做,을 하다,名詞,명사,말01
초급,말,騎을 타다,名詞명사,單字,騎,을 타다,名詞,명사,말04
초급,말,學期結束학기 말,從屬名詞의존명사,單字,學期結束,학기 말,從屬名詞,의존명사,말11
초급,말다,擔心걱정을,動詞동사,卷,擔心,걱정을,動詞,동사,말다03
초급,말레이시아,國家나라,名詞명사,馬來西亞,國家,나라,名詞,명사,말레이시아
초급,말씀,沒有이 없다,名詞명사,單字,沒有,이 없다,名詞,명사,말씀
초급,맑다,空氣공기가,形容詞형용사,清除,空氣,공기가,形容詞,형용사,맑다01
초급,맛,這很甜蜜이 달다,名詞명사,品嚐,這很甜蜜,이 달다,名詞,명사,맛01
초급,맛없다,食物음식이,形容詞형용사,味道不好。,食物,음식이,形容詞,형용사,맛없다
초급,맛있다,食物음식이,形容詞형용사,很好,食物,음식이,形容詞,형용사,맛있다
초급,맞다,答案是답이,動詞동사,正確的,答案是,답이,動詞,동사,맞다01
초급,맞추다,答案답을,動詞동사,調整,答案,답을,動詞,동사,맞추다01
초급,매년,逐年成長매년 증가하다,名詞/副詞명사/부사,每年,逐年成長,매년 증가하다,名詞/副詞,명사/부사,매년
초급,매다,鞋帶신발 끈을,動詞동사,領帶,鞋帶,신발 끈을,動詞,동사,매다01
초급,매달,每月聚會매달 만나다,名詞/副詞명사/부사,每月,每月聚會,매달 만나다,名詞/副詞,명사/부사,매달
초급,매우,非常好매우 좋다,副詞부사,非常,非常好,매우 좋다,副詞,부사,매우01
초급,매일,每天見面매일 만나다,名詞/副詞명사/부사,每天,每天見面,매일 만나다,名詞/副詞,명사/부사,매일
초급,매주,每週見面매주 만나다,名詞/副詞명사/부사,每週,每週見面,매주 만나다,名詞/副詞,명사/부사,매주01
초급,매표소,劇院售票處극장 매표소,名詞명사,票房,劇院售票處,극장 매표소,名詞,명사,매표소
초급,맥주,喝를 마시다,名詞명사,啤酒,喝,를 마시다,名詞,명사,맥주
초급,맵다,辣椒고추가,形容詞형용사,它很辣。,辣椒,고추가,形容詞,형용사,맵다
초급,머리,它很大가 크다,名詞명사,頭,它很大,가 크다,名詞,명사,머리01
초급,머리카락,切을 자르다,名詞명사,頭髮,切,을 자르다,名詞,명사,머리카락
초급,먹다,米밥을,動詞동사,吃,米,밥을,動詞,동사,먹다02
초급,먼저,先來먼저 가다,名詞/副詞명사/부사,第一的,先來,먼저 가다,名詞/副詞,명사/부사,먼저
초급,멀다,距離거리가,形容詞형용사,遠點,距離,거리가,形容詞,형용사,멀다02
초급,멀리,走得更遠멀리 가다,副詞부사,遠的,走得更遠,멀리 가다,副詞,부사,멀리01
초급,멈추다,血피가,動詞동사,停止,血,피가,動詞,동사,멈추다
초급,멋,生產을 내다,名詞명사,品嚐,生產,을 내다,名詞,명사,멋01
초급,멋있다,衣服옷이 ,形容詞형용사,時髦的,衣服,옷이 ,形容詞,형용사,멋있다
초급,메뉴,選擇를 고르다,名詞명사,選單,選擇,를 고르다,名詞,명사,메뉴
초급,메다,包包가방을,動詞동사,梅達,包包,가방을,動詞,동사,메다02
초급,메모,做를 하다,名詞명사,備忘錄,做,를 하다,名詞,명사,메모
초급,메시지,留下를 남기다,名詞명사,資訊,留下,를 남기다,名詞,명사,메시지
초급,메일,寫을 쓰다,名詞명사,郵件,寫,을 쓰다,名詞,명사,메일
초급,며칠,這需要時間이 걸리다,名詞명사,幾天,這需要時間,이 걸리다,名詞,명사,며칠
초급,명,一個人한 명,從屬名詞의존명사,人數,一個人,한 명,從屬名詞,의존명사,명03
초급,명절,正確을 맞다,名詞명사,假期,正確,을 맞다,名詞,명사,명절01
초급,몇,肯定몇 개,數字/形容詞수사/관형사,一些,肯定,몇 개,數字/形容詞,수사/관형사,몇
초급,모기,被咬에 물리다,名詞명사,蚊子,被咬,에 물리다,名詞,명사,모기01
초급,모두,總而言之모두 함께,名詞/副詞명사/부사,每一個,總而言之,모두 함께,名詞/副詞,명사/부사,모두01
초급,모든,每個人모든 사람,決定因素관형사,每一個,每個人,모든 사람,決定因素,관형사,모든
초급,모레,小時시간,名詞/副詞명사/부사,後天,小時,시간,名詞/副詞,명사/부사,모레
초급,모르다,規則규칙을,動詞동사,不知道,規則,규칙을,動詞,동사,모르다
초급,모습,展示을 보이다,名詞명사,數位,展示,을 보이다,名詞,명사,모습01
초급,모시다,父母부모님을,動詞동사,神化,父母,부모님을,動詞,동사,모시다
초급,모양,五芒星별 모양,名詞명사,形狀,五芒星,별 모양,名詞,명사,모양02
초급,모으다,玩具장난감을,動詞동사,收集,玩具,장난감을,動詞,동사,모으다
초급,모이다,錢돈이,動詞동사,收斂,錢,돈이,動詞,동사,모이다01
초급,모임,出去에 나가다,名詞명사,班級,出去,에 나가다,名詞,명사,모임01
초급,모자,寫를 쓰다,名詞명사,帽子,寫,를 쓰다,名詞,명사,모자08
초급,모자라다,睡覺잠이,動詞동사,不足,睡覺,잠이,動詞,동사,모자라다
초급,목,這很長이 길다,名詞명사,脖子,這很長,이 길다,名詞,명사,목01
초급,목걸이,做를 하다,名詞명사,項鍊,做,를 하다,名詞,명사,목걸이01
초급,목도리,做를 하다,名詞명사,圍巾,做,를 하다,名詞,명사,목도리
초급,목소리,它很大가 크다,名詞명사,嗓音,它很大,가 크다,名詞,명사,목소리
초급,목요일,星期幾요일,名詞명사,週四,星期幾,요일,名詞,명사,목요일
초급,목욕,做을 하다,名詞명사,洗澡,做,을 하다,名詞,명사,목욕
초급,목욕탕,洗淨에서 씻다,名詞명사,浴室,洗淨,에서 씻다,名詞,명사,목욕탕
초급,목적,形成을 이루다,名詞명사,目的,形成,을 이루다,名詞,명사,목적03
초급,몸,這很健康이 건강하다,名詞명사,身體,這很健康,이 건강하다,名詞,명사,몸01
초급,못,不能喝못 마시다,副詞부사,池塘,不能喝,못 마시다,副詞,부사,못04
초급,못생기다,臉얼굴이,形容詞형용사,醜陋的,臉,얼굴이,形容詞,형용사,못생기다
초급,못하다,歌曲노래를,動詞/形容詞동사/형용사,不能,歌曲,노래를,動詞/形容詞,동사/형용사,못하다
초급,몽골,國家나라,名詞명사,蒙古,國家,나라,名詞,명사,몽골
초급,무,植物를 심다,名詞명사,蘿蔔,植物,를 심다,名詞,명사,무02
초급,무겁다,吉姆짐이,形容詞형용사,沉重,吉姆,짐이,形容詞,형용사,무겁다
초급,무게,出去가 나가다,名詞명사,重量,出去,가 나가다,名詞,명사,무게
초급,무궁화,花꽃,名詞명사,沙倫玫瑰,花,꽃,名詞,명사,무궁화
초급,무료,捐贈로 주다,名詞명사,自由的,捐贈,로 주다,名詞,명사,무료01
초급,무릎,身體신체,名詞명사,膝蓋,身體,신체,名詞,명사,무릎
초급,무섭다,鬼魂귀신이,形容詞형용사,可怕的,鬼魂,귀신이,形容詞,형용사,무섭다
초급,무슨,星期幾무슨 요일,決定因素관형사,什麼,星期幾,무슨 요일,決定因素,관형사,무슨
초급,무엇,−−,代名詞대명사,什麼,−,−,代名詞,대명사,무엇
초급,무척,很長。무척 길다,副詞부사,非常,很長。,무척 길다,副詞,부사,무척01
초급,문,打開을 열다,名詞명사,門,打開,을 열다,名詞,명사,문04
초급,문제,解決를 풀다,名詞명사,問題,解決,를 풀다,名詞,명사,문제06
초급,문화,交換를 교류하다,名詞명사,文化,交換,를 교류하다,名詞,명사,문화01
초급,묻다,道路길을,動詞동사,問,道路,길을,動詞,동사,묻다03
초급,물,喝을 마시다,名詞명사,水,喝,을 마시다,名詞,명사,물01
초급,물건,買을 사다,名詞명사,事物,買,을 사다,名詞,명사,물건
초급,물고기,捕捉를 잡다,名詞명사,魚,捕捉,를 잡다,名詞,명사,물고기
초급,물론,當然。물론 그렇다,名詞/副詞명사/부사,當然,當然。,물론 그렇다,名詞/副詞,명사/부사,물론01
초급,물어보다,道路길을,動詞동사,問,道路,길을,動詞,동사,물어보다
초급,뭐,說些什麼뭐라고 말하다,代名詞/感嘆詞대명사/감탄사,什麼,說些什麼,뭐라고 말하다,代名詞/感嘆詞,대명사/감탄사,뭐
초급,미국,國家나라,名詞명사,美國,國家,나라,名詞,명사,미국04
초급,미끄러지다,在積雪的路上눈길에,動詞동사,滑,在積雪的路上,눈길에,動詞,동사,미끄러지다
초급,미래,它很明亮가 밝다,名詞명사,未來,它很明亮,가 밝다,名詞,명사,미래02
초급,미리,預示미리 알리다,副詞부사,預先,預示,미리 알리다,副詞,부사,미리01
초급,미술관,國家美術館국립 미술관,名詞명사,美術館,國家美術館,국립 미술관,名詞,명사,미술관
초급,미안,問候인사,名詞명사,對不起,問候,인사,名詞,명사,미안01
초급,미역국,煮沸을 끓이다,名詞명사,海藻湯,煮沸,을 끓이다,名詞,명사,미역국
초급,미용실,前往에 가다,名詞명사,美容院,前往,에 가다,名詞,명사,미용실
초급,미터,一百米백 미터,從屬名詞의존명사,儀表,一百米,백 미터,從屬名詞,의존명사,미터02
초급,믿다,承諾약속을,動詞동사,相信,承諾,약속을,動詞,동사,믿다
초급,밀가루,麵粉食品밀가루 음식,名詞명사,麵粉,麵粉食品,밀가루 음식,名詞,명사,밀가루
초급,밀다,門문을,動詞동사,推搡,門,문을,動詞,동사,밀다01
초급,밑,放入에 두다,名詞명사,底部,放入,에 두다,名詞,명사,밑01
초급,바깥,出去에 나가다,名詞명사,外部,出去,에 나가다,名詞,명사,바깥
초급,바깥쪽,出去으로 나가다,名詞명사,外部,出去,으로 나가다,名詞,명사,바깥쪽
초급,바꾸다,美元兌換成韓元달러를 원화로,動詞동사,改變,美元兌換成韓元,달러를 원화로,動詞,동사,바꾸다
초급,바뀌다,新새 것으로,動詞동사,轉向,新,새 것으로,動詞,동사,바뀌다
초급,바나나,水果과일,名詞명사,香蕉,水果,과일,名詞,명사,바나나
초급,바다,叉를 건너다,名詞명사,海洋,叉,를 건너다,名詞,명사,바다
초급,바닥,陷入에 떨어지다,名詞명사,地面,陷入,에 떨어지다,名詞,명사,바닥01
초급,바닷가,出去로 나가다,名詞명사,海灘,出去,로 나가다,名詞,명사,바닷가
초급,바라다,成功성공을,動詞동사,希望,成功,성공을,動詞,동사,바라다01
초급,바라보다,天空하늘을,動詞동사,看看,天空,하늘을,動詞,동사,바라보다
초급,바람,這次打擊이 불다,名詞명사,風,這次打擊,이 불다,名詞,명사,바람01
초급,바로,立即開始바로 시작하다,副詞부사,立刻,立即開始,바로 시작하다,副詞,부사,바로02
초급,바르다,洗劑로션을,動詞동사,正確的,洗劑,로션을,動詞,동사,바르다01
초급,바쁘다,工作일이,形容詞형용사,忙碌的,工作,일이,形容詞,형용사,바쁘다
초급,바이올린,打開을 켜다,名詞명사,小提琴,打開,을 켜다,名詞,명사,바이올린
초급,바지,穿를 입다,名詞명사,褲子,穿,를 입다,名詞,명사,바지01
초급,박물관,環顧四周을 구경하다,名詞명사,博物館,環顧四周,을 구경하다,名詞,명사,박물관
초급,박수,擊中를 치다,名詞명사,拍,擊中,를 치다,名詞,명사,박수02
초급,밖,不是안,名詞명사,外部,不是,안,名詞,명사,밖
초급,반,半顆蘋果사과 반,名詞명사,一半,半顆蘋果,사과 반,名詞,명사,반07
초급,반,我們班우리 반,名詞명사,一半,我們班,우리 반,名詞,명사,반10
초급,반갑다,顧客손님이,形容詞형용사,很高興見到你,顧客,손님이,形容詞,형용사,반갑다
초급,반대,前往로 가다,名詞명사,相反的,前往,로 가다,名詞,명사,반대03
초급,반드시,必須走了반드시 가다,副詞부사,當然,必須走了,반드시 가다,副詞,부사,반드시
초급,반바지,穿를 입다,名詞명사,短褲,穿,를 입다,名詞,명사,반바지
초급,반지,插入를 끼다,名詞명사,戒指,插入,를 끼다,名詞,명사,반지02
초급,반찬,吃을 먹다,名詞명사,小菜,吃,을 먹다,名詞,명사,반찬
초급,받다,禮物선물을,動詞동사,收到,禮物,선물을,動詞,동사,받다01
초급,받아쓰다,在筆記本裡노트에,動詞동사,聽寫,在筆記本裡,노트에,動詞,동사,받아쓰다
초급,발,這很重要이 크다,名詞명사,腳,這很重要,이 크다,名詞,명사,발01
초급,발가락,身體신체,名詞명사,腳趾,身體,신체,名詞,명사,발가락
초급,발바닥,身體신체,名詞명사,腳底,身體,신체,名詞,명사,발바닥
초급,밝다,光線불빛이,動詞/形容詞동사/형용사,明亮的,光線,불빛이,動詞/形容詞,동사/형용사,밝다
초급,밤,這很深刻。이 깊다,名詞명사,夜晚,這很深刻。,이 깊다,名詞,명사,밤01
초급,밥,做을 하다,名詞명사,米,做,을 하다,名詞,명사,밥01
초급,방,這是廣泛的이 넓다,名詞명사,房間,這是廣泛的,이 넓다,名詞,명사,방07
초급,방금,我剛離開방금 가다,名詞/副詞명사/부사,現在,我剛離開,방금 가다,名詞/副詞,명사/부사,방금01
초급,방문,關閉을 닫다,名詞명사,訪問,關閉,을 닫다,名詞,명사,방문02
초급,방문,回老家探親고향 방문,名詞명사,訪問,回老家探親,고향 방문,名詞,명사,방문03
초급,방법,如何使用사용 방법,名詞명사,方法,如何使用,사용 방법,名詞,명사,방법
초급,방송,查看을 보다,名詞명사,pod送,查看,을 보다,名詞,명사,방송01
초급,방송국,廣播電台라디오 방송국,名詞명사,電台,廣播電台,라디오 방송국,名詞,명사,방송국
초급,방학,寒假겨울 방학,名詞명사,假期,寒假,겨울 방학,名詞,명사,방학
초급,방향,改變을 바꾸다,名詞명사,方向,改變,을 바꾸다,名詞,명사,방향01
초급,배,身體신체,名詞명사,船,身體,신체,名詞,명사,배01
초급,배,騎를 타다,名詞명사,船,騎,를 타다,名詞,명사,배02
초급,배,吃를 먹다,名詞명사,船,吃,를 먹다,名詞,명사,배03
초급,배,雙倍的두 배,名詞명사,船,雙倍的,두 배,名詞,명사,배09
초급,배달,讓某人做을 시키다,名詞명사,送貨,讓某人做,을 시키다,名詞,명사,배달02
초급,배드민턴,擊中을 치다,名詞명사,羽毛球,擊中,을 치다,名詞,명사,배드민턴
초급,배우,劇演員연극 배우,名詞명사,演員,劇演員,연극 배우,名詞,명사,배우01
초급,배우다,寫作글을,動詞동사,學習,寫作,글을,動詞,동사,배우다01
초급,배추,精煉를 다듬다,名詞명사,大白菜,精煉,를 다듬다,名詞,명사,배추01
초급,배탈,這就是我。이 나다,名詞명사,胃部不適,這就是我。,이 나다,名詞,명사,배탈01
초급,백,數位숫자,調查性的和形容詞수사·관형사,百,數位,숫자,調查性的和形容詞,수사·관형사,백05
초급,백만,一百萬백만 개,調查性的和形容詞수사·관형사,百萬,一百萬,백만 개,調查性的和形容詞,수사·관형사,백만
초급,백화점,從에서 사다,名詞명사,百貨公司,從,에서 사다,名詞,명사,백화점
초급,뱀,動物동물,名詞명사,蛇,動物,동물,名詞,명사,뱀
초급,버릇,變得이 되다,名詞명사,習慣,變得,이 되다,名詞,명사,버릇01
초급,버리다,組織휴지를,動詞동사,丟棄,組織,휴지를,動詞,동사,버리다01
초급,버스,騎를 타다,名詞명사,公車,騎,를 타다,名詞,명사,버스02
초급,번,第一次첫째 번,從屬名詞의존명사,th,第一次,첫째 번,從屬名詞,의존명사,번04
초급,번째,第三세 번째,從屬名詞의존명사,第一個,第三,세 번째,從屬名詞,의존명사,번째
초급,번호,評定成績를 매기다,名詞명사,數位,評定成績,를 매기다,名詞,명사,번호02
초급,벌,一套衣服옷 한 벌,從屬名詞의존명사,懲罰,一套衣服,옷 한 벌,從屬名詞,의존명사,벌02
초급,벌다,錢돈을,動詞동사,賺,錢,돈을,動詞,동사,벌다02
초급,벌써,已經出發了벌써 가다,副詞부사,已經,已經出發了,벌써 가다,副詞,부사,벌써
초급,벗다,帽子모자를,動詞동사,裁員,帽子,모자를,動詞,동사,벗다
초급,베트남,國家나라,名詞명사,越南,國家,나라,名詞,명사,베트남
초급,벽,押注에 걸다,名詞명사,牆,押注,에 걸다,名詞,명사,벽06
초급,변하다,形狀모양이,動詞동사,改變,形狀,모양이,動詞,동사,변하다
초급,변호사,工作직업,名詞명사,律師,工作,직업,名詞,명사,변호사
초급,별,這很閃亮이 빛나다,名詞명사,星星,這很閃亮,이 빛나다,名詞,명사,별01
초급,별로,不多。별로 없다,副詞부사,並不真地,不多。,별로 없다,副詞,부사,별로01
초급,병,被抓에 걸리다,名詞명사,派對,被抓,에 걸리다,名詞,명사,병04
초급,병,打破을 깨다,名詞명사,派對,打破,을 깨다,名詞,명사,병05
초급,병문안,前往을 가다,名詞명사,探望病人,前往,을 가다,名詞,명사,병문안
초급,병원,前往에 가다,名詞명사,醫院,前往,에 가다,名詞,명사,병원02
초급,보내다,信편지를,動詞동사,鬆手,信,편지를,動詞,동사,보내다
초급,보다,報紙신문을,動詞동사,看,報紙,신문을,動詞,동사,보다01
초급,보다,更高보다 높이,副詞부사,看,更高,보다 높이,副詞,부사,보다02
초급,보라색,顏色색깔,名詞명사,紫色的,顏色,색깔,名詞,명사,보라색
초급,보이다,山산이,動詞동사,展示,山,산이,動詞,동사,보이다01
초급,보이다,照片사진을,動詞동사,展示,照片,사진을,動詞,동사,보이다02
초급,보통,事情結束了。이 넘다,名詞/副詞명사/부사,通常,事情結束了。,이 넘다,名詞/副詞,명사/부사,보통
초급,복습,準備예습,名詞명사,審查,準備,예습,名詞,명사,복습
초급,복잡하다,想法생각이,形容詞형용사,複雜的,想法,생각이,形容詞,형용사,복잡하다
초급,볶다,肉고기를,動詞동사,逗,肉,고기를,動詞,동사,볶다
초급,볶음밥,食物음식,名詞명사,炒飯,食物,음식,名詞,명사,볶음밥
초급,볼펜,用作으로 쓰다,名詞명사,原子筆,用作,으로 쓰다,名詞,명사,볼펜02
초급,봄,季節계절,名詞명사,春天,季節,계절,名詞,명사,봄01
초급,봉투,打開를 열다,名詞명사,信封,打開,를 열다,名詞,명사,봉투02
초급,뵙다,成年人어른을,動詞동사,滿足,成年人,어른을,動詞,동사,뵙다
초급,부끄럽다,害羞地笑부끄럽게 웃다,形容詞형용사,我感到尷尬,害羞地笑,부끄럽게 웃다,形容詞,형용사,부끄럽다
초급,부드럽다,頭髮머릿결이,形容詞형용사,柔軟的,頭髮,머릿결이,形容詞,형용사,부드럽다
초급,부럽다,另一個人다른 사람이 ,形容詞형용사,我羨慕你,另一個人,다른 사람이 ,形容詞,형용사,부럽다
초급,부르다,朋友們친구를,動詞동사,稱呼,朋友們,친구를,動詞,동사,부르다01
초급,부르다,加倍배가,形容詞형용사,稱呼,加倍,배가,形容詞,형용사,부르다02
초급,부모님,以示孝道께 효도하다,名詞명사,父母,以示孝道,께 효도하다,名詞,명사,부모님
초급,부부,婚姻爭吵부부 싸움,名詞명사,夫妻,婚姻爭吵,부부 싸움,名詞,명사,부부03
초급,부분,分成으로 나누다,名詞명사,兼職工作,分成,으로 나누다,名詞,명사,부분01
초급,부산,提名지명,名詞명사,屍速列車,提名,지명,名詞,명사,부산02
초급,부엌,庫克에서 요리하다,名詞명사,廚房,庫克,에서 요리하다,名詞,명사,부엌
초급,부인,妻子아내,名詞명사,女士,妻子,아내,名詞,명사,부인01
초급,부자,變得가 되다,名詞명사,富人,變得,가 되다,名詞,명사,부자07
초급,부장,晉升為으로 승진하다,名詞명사,系主任,晉升為,으로 승진하다,名詞,명사,부장07
초급,부족,氧氣不足산소 부족,名詞명사,短缺,氧氣不足,산소 부족,名詞,명사,부족01
초급,부지런하다,人사람이,形容詞형용사,勤奮,人,사람이,形容詞,형용사,부지런하다
초급,부치다,信편지를,動詞동사,傳送,信,편지를,動詞,동사,부치다02
초급,부탁,接收을 받다,名詞명사,問,接收,을 받다,名詞,명사,부탁
초급,북쪽,方向방향,名詞명사,北,方向,방향,名詞,명사,북쪽
초급,분,我認識的人아는 분,從屬名詞의존명사,分分鐘,我認識的人,아는 분,從屬名詞,의존명사,분01
초급,분,60分鐘60분,從屬名詞의존명사,分分鐘,60分鐘,60분,從屬名詞,의존명사,분08
초급,분명하다,發音발음이,形容詞형용사,很明顯,發音,발음이,形容詞,형용사,분명하다01
초급,분식,吃을 먹다,名詞명사,點心,吃,을 먹다,名詞,명사,분식04
초급,분위기,尷尬的어색한,名詞명사,氣氛,尷尬的,어색한,名詞,명사,분위기
초급,분홍색,顏色색깔,名詞명사,粉紅色的,顏色,색깔,名詞,명사,분홍색
초급,불,吸煙을 피우다,名詞명사,火,吸煙,을 피우다,名詞,명사,불01
초급,불고기,食物음식,名詞명사,烤肉,食物,음식,名詞,명사,불고기
초급,불다,風바람이,動詞동사,吹,風,바람이,動詞,동사,불다01
초급,불쌍하다,表達표정이,形容詞형용사,可憐,表達,표정이,形容詞,형용사,불쌍하다
초급,불안,這越來越大了。이 커지다,名詞명사,動盪,這越來越大了。,이 커지다,名詞,명사,불안01
초급,불편,接下來是이 따르다,名詞명사,不便,接下來是,이 따르다,名詞,명사,불편01
초급,붉다,顏色색깔이,形容詞형용사,紅色的,顏色,색깔이,形容詞,형용사,붉다01
초급,붙다,灰塵먼지가,動詞동사,經過,灰塵,먼지가,動詞,동사,붙다
초급,붙이다,郵票우표를,動詞동사,附,郵票,우표를,動詞,동사,붙이다
초급,블라우스,穿를 입다,名詞명사,女式襯衫,穿,를 입다,名詞,명사,블라우스
초급,비,停止가 그치다,名詞명사,雨,停止,가 그치다,名詞,명사,비01
초급,비교,對照組비교 대상,名詞명사,比較,對照組,비교 대상,名詞,명사,비교01
초급,비누,用…清洗로 씻다,名詞명사,肥皂,用…清洗,로 씻다,名詞,명사,비누
초급,비다,房子집이,動詞동사,空,房子,집이,動詞,동사,비다01
초급,비디오,兩段影片비디오 두 편,名詞명사,影片,兩段影片,비디오 두 편,名詞,명사,비디오
초급,비밀,為了保護을 지키다,名詞명사,秘密,為了保護,을 지키다,名詞,명사,비밀
초급,비빔밥,食物음식,名詞명사,拌飯,食物,음식,名詞,명사,비빔밥
초급,비슷하다,性格성격이,形容詞형용사,相似的,性格,성격이,形容詞,형용사,비슷하다02
초급,비싸다,值값이,形容詞형용사,昂貴的,值,값이,形容詞,형용사,비싸다
초급,비행기,騎를 타다,名詞명사,飛機,騎,를 타다,名詞,명사,비행기
초급,빌딩,建造을 짓다,名詞명사,大樓,建造,을 짓다,名詞,명사,빌딩
초급,빌리다,錢돈을,動詞동사,借,錢,돈을,動詞,동사,빌리다
초급,빠르다,步驟걸음이,形容詞형용사,快速地,步驟,걸음이,形容詞,형용사,빠르다
초급,빠지다,在河裡강에,動詞동사,落下,在河裡,강에,動詞,동사,빠지다02
초급,빨간색,顏色색깔,名詞명사,紅色的,顏色,색깔,名詞,명사,빨간색
초급,빨갛다,蘋果사과가,形容詞형용사,紅色的,蘋果,사과가,形容詞,형용사,빨갛다
초급,빨다,衣服옷을,動詞동사,吸,衣服,옷을,動詞,동사,빨다02
초급,빨래,做를 하다,名詞명사,洗,做,를 하다,名詞,명사,빨래
초급,빨리,快速行走빨리 걷다,副詞부사,匆忙,快速行走,빨리 걷다,副詞,부사,빨리
초급,빵,吃을 먹다,名詞명사,麵包,吃,을 먹다,名詞,명사,빵01
초급,빵집,在…工作에서 일하다,名詞명사,麵包店,在…工作,에서 일하다,名詞,명사,빵집
초급,빼다,這이를,動詞동사,消除,這,이를,動詞,동사,빼다01
초급,뽑다,這이를,動詞동사,拔出,這,이를,動詞,동사,뽑다
초급,사,數位숫자,數字/形容詞수사/관형사,買,數位,숫자,數字/形容詞,수사/관형사,사11
초급,사거리,叉를 건너다,名詞명사,路口,叉,를 건너다,名詞,명사,사거리01
초급,사계절,這是截然不同的。이 뚜렷하다,名詞명사,四季,這是截然不同的。,이 뚜렷하다,名詞,명사,사계절
초급,사고,Ga nada가 나다,名詞명사,意外事故,Ga nada,가 나다,名詞,명사,사고12
초급,사과,水果과일,名詞명사,道歉,水果,과일,名詞,명사,사과05
초급,사귀다,朋友們친구를,動詞동사,交朋友,朋友們,친구를,動詞,동사,사귀다
초급,사다,專案물건을,動詞동사,買,專案,물건을,動詞,동사,사다
초급,사람,居住이 살다,名詞명사,人,居住,이 살다,名詞,명사,사람
초급,사랑,戀人之間연인 간의,名詞명사,愛,戀人之間,연인 간의,名詞,명사,사랑01
초급,사무실,去上班에 출근하다,名詞명사,辦公室,去上班,에 출근하다,名詞,명사,사무실
초급,사실,揭示을 밝히다,名詞/副詞명사/부사,實際上,揭示,을 밝히다,名詞/副詞,명사/부사,사실04
초급,사십,數位숫자,數字/形容詞수사/관형사,四十,數位,숫자,數字/形容詞,수사/관형사,사십
초급,사업,商業敏銳度사업 수완,名詞명사,商業,商業敏銳度,사업 수완,名詞,명사,사업04
초급,사용,做을 하다,名詞명사,使用,做,을 하다,名詞,명사,사용04
초급,사월,月亮달(월),名詞명사,四月,月亮,달(월),名詞,명사,사월02
초급,사이,放置에 놓다,名詞명사,之間,放置,에 놓다,名詞,명사,사이01
초급,사이다,喝를 마시다,名詞명사,蘋果酒,喝,를 마시다,名詞,명사,사이다02
초급,사이즈,它很大가 크다,名詞명사,尺寸,它很大,가 크다,名詞,명사,사이즈01
초급,사장,變得이 되다,名詞명사,總統,變得,이 되다,名詞,명사,사장15
초급,사전,尋找을 찾다,名詞명사,字典,尋找,을 찾다,名詞,명사,사전22
초급,사진,相機카메라,名詞명사,圖片,相機,카메라,名詞,명사,사진06
초급,사탕,吃을 먹다,名詞명사,糖果,吃,을 먹다,名詞,명사,사탕02
초급,사흘,小時시간,名詞명사,三天,小時,시간,名詞,명사,사흘
초급,산,往上爬에 오르다,名詞명사,山,往上爬,에 오르다,名詞,명사,산01
초급,산책,出去을 나가다,名詞명사,走,出去,을 나가다,名詞,명사,산책
초급,살,這蒸汽이 찌다,名詞명사,胖的,這蒸汽,이 찌다,名詞,명사,살01
초급,살,三歲세 살,從屬名詞의존명사,胖的,三歲,세 살,從屬名詞,의존명사,살04
초급,살다,很久오래 ,動詞동사,居住,很久,오래 ,動詞,동사,살다01
초급,삼,三年삼 년,數字/形容詞수사/관형사,三,三年,삼 년,數字/形容詞,수사/관형사,삼06
초급,삼거리,出來가 나오다,名詞명사,三岔路口,出來,가 나오다,名詞,명사,삼거리
초급,삼겹살,食物음식,名詞명사,五花肉,食物,음식,名詞,명사,삼겹살
초급,삼계탕,食物음식,名詞명사,參雞堂,食物,음식,名詞,명사,삼계탕
초급,삼십,數位숫자,數字/形容詞수사/관형사,三十,數位,숫자,數字/形容詞,수사/관형사,삼십
초급,삼월,月亮달(월),名詞명사,行進,月亮,달(월),名詞,명사,삼월
초급,삼촌,相對的친척,名詞명사,叔叔,相對的,친척,名詞,명사,삼촌
초급,상,接收을 받다,名詞명사,獎,接收,을 받다,名詞,명사,상25
초급,상자,放入에 넣다,名詞명사,盒子,放入,에 넣다,名詞,명사,상자09
초급,상처,更好가 낫다,名詞명사,傷口,更好,가 낫다,名詞,명사,상처02
초급,상추,植物식물,名詞명사,萵苣,植物,식물,名詞,명사,상추01
초급,상품,出售을 팔다,名詞명사,商品,出售,을 팔다,名詞,명사,상품03
초급,새,動物동물,名詞명사,鳥,動物,동물,名詞,명사,새03
초급,새,新衣服새 옷,決定因素관형사,鳥,新衣服,새 옷,決定因素,관형사,새06
초급,새로,買個新的새로 사다,副詞부사,新的,買個新的,새로 사다,副詞,부사,새로
초급,새롭다,記憶기억이,形容詞형용사,成為新人,記憶,기억이,形容詞,형용사,새롭다
초급,새벽,發生에 일어나다,名詞명사,黎明,發生,에 일어나다,名詞,명사,새벽01
초급,새해,接近가 다가오다,名詞명사,新年,接近,가 다가오다,名詞,명사,새해
초급,색,顏色색깔,名詞명사,顏色,顏色,색깔,名詞,명사,색03
초급,색깔,這很豐富이 진하다,名詞명사,顏色,這很豐富,이 진하다,名詞,명사,색깔
초급,샌드위치,食物음식,名詞명사,三明治,食物,음식,名詞,명사,샌드위치
초급,생각,陷入에 빠지다,名詞명사,想法,陷入,에 빠지다,名詞,명사,생각01
초급,생각나다,我有話要說。할 말이,動詞동사,我記得,我有話要說。,할 말이,動詞,동사,생각나다
초급,생기다,這棟建築건물이,動詞동사,降臨,這棟建築,건물이,動詞,동사,생기다
초급,생선,烘焙을 굽다,名詞명사,魚,烘焙,을 굽다,名詞,명사,생선
초급,생신,生日생일,名詞명사,生日,生日,생일,名詞,명사,생신02
초급,생일,派對파티,名詞명사,生日,派對,파티,名詞,명사,생일02
초급,생활,工作生活직장 생활,名詞명사,生活,工作生活,직장 생활,名詞,명사,생활
초급,샤워,做를 하다,名詞명사,淋浴,做,를 하다,名詞,명사,샤워
초급,서너,三四서너 개,決定因素관형사,三四,三四,서너 개,決定因素,관형사,서너
초급,서다,站直똑바로 서다,動詞동사,站立,站直,똑바로 서다,動詞,동사,서다01
초급,서두르다,準備준비를,動詞동사,匆忙,準備,준비를,動詞,동사,서두르다
초급,서랍,關閉을 닫다,名詞명사,抽屜,關閉,을 닫다,名詞,명사,서랍
초급,서로,彼此信任서로 믿다,副詞부사,彼此,彼此信任,서로 믿다,副詞,부사,서로01
초급,서류,文件문서,名詞명사,文件,文件,문서,名詞,명사,서류02
초급,서른,數位숫자,調查性的和形容詞수사·관형사,三十,數位,숫자,調查性的和形容詞,수사·관형사,서른
초급,서비스,服務精神서비스 정신,名詞명사,服務,服務精神,서비스 정신,名詞,명사,서비스
초급,서양,東方동양,名詞명사,歐美,東方,동양,名詞,명사,서양
초급,서울,城市도시,名詞명사,首爾,城市,도시,名詞,명사,서울01
초급,서점,書店책방,名詞명사,書店,書店,책방,名詞,명사,서점03
초급,서쪽,方向방향,名詞명사,西方,方向,방향,名詞,명사,서쪽
초급,섞다,水물을,動詞동사,混合,水,물을,動詞,동사,섞다
초급,선물,接收을 받다,名詞명사,禮物,接收,을 받다,名詞,명사,선물03
초급,선배,初級후배,名詞명사,進階的,初級,후배,名詞,명사,선배
초급,선생님,韓國教師국어 선생님,名詞명사,老師,韓國教師,국어 선생님,名詞,명사,선생님
초급,선선하다,天氣날씨가,形容詞형용사,真酷,天氣,날씨가,形容詞,형용사,선선하다01
초급,선수,足球員축구 선수,名詞명사,玩家,足球員,축구 선수,名詞,명사,선수05
초급,선택,做을 하다,名詞명사,選擇,做,을 하다,名詞,명사,선택
초급,선풍기,打開를 켜다,名詞명사,電扇,打開,를 켜다,名詞,명사,선풍기
초급,설거지,做를 하다,名詞명사,洗碗,做,를 하다,名詞,명사,설거지
초급,설날,假期명절,名詞명사,新年,假期,명절,名詞,명사,설날
초급,설렁탕,食物음식,名詞명사,雪龍湯,食物,음식,名詞,명사,설렁탕
초급,설명,聽을 듣다,名詞명사,解釋,聽,을 듣다,名詞,명사,설명
초급,설탕,插入을 넣다,名詞명사,糖,插入,을 넣다,名詞,명사,설탕
초급,섬,濟州島제주도,名詞명사,島,濟州島,제주도,名詞,명사,섬03
초급,섭섭하다,我感到失望서운하다,形容詞형용사,我感到失望,我感到失望,서운하다,形容詞,형용사,섭섭하다01
초급,성,金先生김 씨,名詞명사,城堡,金先生,김 씨,名詞,명사,성06
초급,성격,這很好이 좋다,名詞명사,性格,這很好,이 좋다,名詞,명사,성격02
초급,성공,失敗실패,名詞명사,成功,失敗,실패,名詞,명사,성공01
초급,성적,收割을 거두다,名詞명사,性,收割,을 거두다,名詞,명사,성적04
초급,성함,問을 묻다,名詞명사,姓名,問,을 묻다,名詞,명사,성함
초급,세,數位숫자,決定因素관형사,數數,數位,숫자,決定因素,관형사,세01
초급,세,三十歲삼십 세,從屬名詞의존명사,數數,三十歲,삼십 세,從屬名詞,의존명사,세13
초급,세계,世界旅行세계 여행,名詞명사,世界,世界旅行,세계 여행,名詞,명사,세계02
초급,세다,拳頭주먹이,形容詞형용사,數數,拳頭,주먹이,形容詞,형용사,세다03
초급,세배,給予를 드리다,名詞명사,新年祝福,給予,를 드리다,名詞,명사,세배
초급,세상,這是廣泛的이 넓다,名詞명사,世界,這是廣泛的,이 넓다,名詞,명사,세상01
초급,세수,臉얼굴,名詞명사,洗臉,臉,얼굴,名詞,명사,세수04
초급,세우다,在座位上자리에서,動詞동사,直立,在座位上,자리에서,動詞,동사,세우다01
초급,세탁,做을 하다,名詞명사,洗衣店,做,을 하다,名詞,명사,세탁
초급,세탁기,轉動를 돌리다,名詞명사,洗衣機,轉動,를 돌리다,名詞,명사,세탁기
초급,세탁소,把你的衣服託付給에 옷을 맡기다,名詞명사,洗衣店,把你的衣服託付給,에 옷을 맡기다,名詞,명사,세탁소
초급,센터,購物中心쇼핑 센터,名詞명사,中心,購物中心,쇼핑 센터,名詞,명사,센터02
초급,센티미터,單元단위,從屬名詞의존명사,公分,單元,단위,從屬名詞,의존명사,센티미터
초급,셋,數位숫자,調查수사,三,數位,숫자,調查,수사,셋
초급,셋째,數位숫자,數字 · 形容詞/名詞수사·관형사/명사,第三,數位,숫자,數字 · 形容詞/名詞,수사·관형사/명사,셋째
초급,소,動物동물,名詞명사,乳牛,動物,동물,名詞,명사,소03
초급,소개,職位介紹직업 소개,名詞명사,介紹,職位介紹,직업 소개,名詞,명사,소개02
초급,소고기,吃를 먹다,名詞명사,牛肉,吃,를 먹다,名詞,명사,소고기
초급,소금,這很鹹이 짜다,名詞명사,鹽,這很鹹,이 짜다,名詞,명사,소금01
초급,소리,Ga nada가 나다,名詞명사,聲音,Ga nada,가 나다,名詞,명사,소리01
초급,소설,經典小說고전 소설,名詞명사,小說,經典小說,고전 소설,名詞,명사,소설03
초급,소식,聽을 듣다,名詞명사,訊息,聽,을 듣다,名詞,명사,소식04
초급,소주,喝를 마시다,名詞명사,燒酒,喝,를 마시다,名詞,명사,소주05
초급,소중하다,一位朋友친구가,形容詞형용사,寶貴的,一位朋友,친구가,形容詞,형용사,소중하다
초급,소파,家具가구,名詞명사,沙發,家具,가구,名詞,명사,소파06
초급,소포,郵件우편,名詞명사,包裹,郵件,우편,名詞,명사,소포01
초급,소풍,前往을 가다,名詞명사,短途旅行,前往,을 가다,名詞,명사,소풍02
초급,소화제,大約약,名詞명사,消化醫學,大約,약,名詞,명사,소화제01
초급,속,在口袋裡주머니 속,名詞명사,裡面,在口袋裡,주머니 속,名詞,명사,속01
초급,속도,它速度很快가 빠르다,名詞명사,速度,它速度很快,가 빠르다,名詞,명사,속도01
초급,속옷,穿을 입다,名詞명사,內衣,穿,을 입다,名詞,명사,속옷
초급,손,身體신체,名詞명사,手,身體,신체,名詞,명사,손01
초급,손가락,身體신체,名詞명사,手指,身體,신체,名詞,명사,손가락
초급,손녀,照顧를 돌보다,名詞명사,孫女,照顧,를 돌보다,名詞,명사,손녀
초급,손님,沒有이 없다,名詞명사,顧客,沒有,이 없다,名詞,명사,손님
초급,손바닥,身體신체,名詞명사,手掌,身體,신체,名詞,명사,손바닥
초급,손수건,用濕紙巾擦拭으로 닦다,名詞명사,手帕,用濕紙巾擦拭,으로 닦다,名詞,명사,손수건
초급,송편,食物음식,名詞명사,鬆餅,食物,음식,名詞,명사,송편
초급,쇼핑,前往을 가다,名詞명사,購物,前往,을 가다,名詞,명사,쇼핑
초급,수,數位숫자,名詞명사,數位,數位,숫자,名詞,명사,수26
초급,수건,用濕紙巾擦拭으로 닦다,名詞명사,毛巾,用濕紙巾擦拭,으로 닦다,名詞,명사,수건
초급,수고,做를 하다,名詞명사,努力,做,를 하다,名詞,명사,수고01
초급,수박,吃을 먹다,名詞명사,西瓜,吃,을 먹다,名詞,명사,수박01
초급,수술,接收을 받다,名詞명사,外科手術,接收,을 받다,名詞,명사,수술05
초급,수업,接收을 받다,名詞명사,班級,接收,을 받다,名詞,명사,수업04
초급,수영,學習을 배우다,名詞명사,游泳,學習,을 배우다,名詞,명사,수영02
초급,수영복,穿을 입다,名詞명사,泳裝,穿,을 입다,名詞,명사,수영복
초급,수영장,出席에 다니다,名詞명사,泳池,出席,에 다니다,名詞,명사,수영장
초급,수요일,星期幾요일,名詞명사,週三,星期幾,요일,名詞,명사,수요일
초급,수저,放置를 놓다,名詞명사,湯匙和筷子,放置,를 놓다,名詞,명사,수저01
초급,수첩,使用에 쓰다,名詞명사,筆記本,使用,에 쓰다,名詞,명사,수첩01
초급,숙제,做를 하다,名詞명사,家庭作業,做,를 하다,名詞,명사,숙제03
초급,순두부찌개,食物음식,名詞명사,嫩豆腐燉菜,食物,음식,名詞,명사,순두부찌개
초급,순서,評定成績를 매기다,名詞명사,命令,評定成績,를 매기다,名詞,명사,순서
초급,숟가락,舉起을 들다,名詞명사,湯匙,舉起,을 들다,名詞,명사,숟가락
초급,술,喝을 마시다,名詞명사,酒精,喝,을 마시다,名詞,명사,술01
초급,술집,在…飲酒에서 술을 마시다,名詞명사,酒吧,在…飲酒,에서 술을 마시다,名詞,명사,술집
초급,숫자,數數를 세다,名詞명사,數位,數數,를 세다,名詞,명사,숫자
초급,쉬다,在陰涼處그늘에서,動詞동사,休息,在陰涼處,그늘에서,動詞,동사,쉬다03
초급,쉬다,氣息숨을,動詞동사,休息,氣息,숨을,動詞,동사,쉬다04
초급,쉰,數位숫자,調查性的和形容詞수사·관형사,沙啞,數位,숫자,調查性的和形容詞,수사·관형사,쉰
초급,쉽다,問題문제가 ,形容詞형용사,輕鬆點,問題,문제가 ,形容詞,형용사,쉽다
초급,슈퍼마켓,從에서 사다,名詞명사,超市場,從,에서 사다,名詞,명사,슈퍼마켓
초급,스무,數位숫자,決定因素관형사,二十,數位,숫자,決定因素,관형사,스무
초급,스물,數位숫자,調查수사,二十,數位,숫자,調查,수사,스물
초급,스스로,我나 스스로,副詞/名詞부사/명사,自己,我,나 스스로,副詞/名詞,부사/명사,스스로
초급,스웨터,穿를 입다,名詞명사,毛衣,穿,를 입다,名詞,명사,스웨터
초급,스카프,系를 매다,名詞명사,圍巾,系,를 매다,名詞,명사,스카프
초급,스케이트,穿를 신다,名詞명사,冰鞋,穿,를 신다,名詞,명사,스케이트
초급,스키,穿를 신다,名詞명사,滑雪,穿,를 신다,名詞,명사,스키
초급,스키장,玩에서 놀다,名詞명사,滑雪勝地,玩,에서 놀다,名詞,명사,스키장
초급,스타,人氣明星인기 스타,名詞명사,星星,人氣明星,인기 스타,名詞,명사,스타
초급,스트레스,解決를 풀다,名詞명사,壓力,解決,를 풀다,名詞,명사,스트레스
초급,스파게티,食物음식,名詞명사,義大利麵,食物,음식,名詞,명사,스파게티
초급,스포츠,體育比賽스포츠 경기,名詞명사,運動的,體育比賽,스포츠 경기,名詞,명사,스포츠
초급,슬퍼하다,拆散이별을,動詞동사,感到悲傷,拆散,이별을,動詞,동사,슬퍼하다
초급,슬프다,心마음이,形容詞형용사,傷心,心,마음이,形容詞,형용사,슬프다
초급,슬픔,沉浸其中에 잠기다,名詞명사,悲哀,沉浸其中,에 잠기다,名詞,명사,슬픔
초급,습관,提高을 기르다,名詞명사,習慣,提高,을 기르다,名詞,명사,습관
초급,시,首爾市서울시,名詞명사,城市,首爾市,서울시,名詞,명사,시06
초급,시,出生時間/出生時間몇 시/태어난 시,名詞/從屬名詞명사/의존명사,城市,出生時間/出生時間,몇 시/태어난 시,名詞/從屬名詞,명사/의존명사,시10
초급,시간,這需要時間이 걸리다,名詞/從屬名詞명사/의존명사,小時,這需要時間,이 걸리다,名詞/從屬名詞,명사/의존명사,시간04
초급,시간표,編織를 짜다,名詞명사,時間表,編織,를 짜다,名詞,명사,시간표
초급,시계,小時시간,名詞명사,鐘,小時,시간,名詞,명사,시계02
초급,시골,住在에 살다,名詞명사,農村,住在,에 살다,名詞,명사,시골
초급,시끄럽다,聲音소리가,形容詞형용사,太吵了,聲音,소리가,形容詞,형용사,시끄럽다
초급,시내,郊區시외,名詞명사,市中心,郊區,시외,名詞,명사,시내03
초급,시다,品嚐맛이,形容詞형용사,酸的,品嚐,맛이,形容詞,형용사,시다01
초급,시민,說服을 설득하다,名詞명사,國民,說服,을 설득하다,名詞,명사,시민
초급,시어머니,服務를 모시다,名詞명사,岳母,服務,를 모시다,名詞,명사,시어머니
초급,시원하다,空氣공기가,形容詞형용사,令人耳目一新,空氣,공기가,形容詞,형용사,시원하다
초급,시월,月亮달(월),名詞명사,十月,月亮,달(월),名詞,명사,시월01
초급,시작,結尾끝,名詞명사,開始,結尾,끝,名詞,명사,시작01
초급,시장,前往에 가다,名詞명사,市場,前往,에 가다,名詞,명사,시장04
초급,시청,市政廳官員시청 공무원,名詞명사,市政廳,市政廳官員,시청 공무원,名詞,명사,시청01
초급,시키다,工作일을,動詞동사,放,工作,일을,動詞,동사,시키다01
초급,시험,查看을 보다,名詞명사,測試,查看,을 보다,名詞,명사,시험03
초급,식구,家庭가족,名詞명사,家庭,家庭,가족,名詞,명사,식구01
초급,식다,湯국이,動詞동사,冷卻,湯,국이,動詞,동사,식다01
초급,식당,在…用餐에서 식사하다,名詞명사,餐廳,在…用餐,에서 식사하다,名詞,명사,식당
초급,식빵,吃을 먹다,名詞명사,白麵包,吃,을 먹다,名詞,명사,식빵
초급,식사,做를 하다,名詞명사,一頓飯,做,를 하다,名詞,명사,식사03
초급,식초,插入를 넣다,名詞명사,醋,插入,를 넣다,名詞,명사,식초
초급,식탁,準備을 차리다,名詞명사,桌子,準備,을 차리다,名詞,명사,식탁
초급,식품,食用을 섭취하다,名詞명사,食物,食用,을 섭취하다,名詞,명사,식품01
초급,신다,襪子양말을,動詞동사,穿,襪子,양말을,動詞,동사,신다
초급,신랑,新娘신부,名詞명사,新郎,新娘,신부,名詞,명사,신랑02
초급,신문,讀을 읽다,名詞명사,報紙,讀,을 읽다,名詞,명사,신문10
초급,신발,穿을 신다,名詞명사,鞋,穿,을 신다,名詞,명사,신발
초급,신부,新郎신랑,名詞명사,新娘,新郎,신랑,名詞,명사,신부10
초급,신분증,查看을 확인하다,名詞명사,ID,查看,을 확인하다,名詞,명사,신분증
초급,신선하다,水果과일이,形容詞형용사,新鮮的,水果,과일이,形容詞,형용사,신선하다03
초급,신청,接收을 받다,名詞명사,應用,接收,을 받다,名詞,명사,신청01
초급,신호,等待를 기다리다,名詞명사,訊號,等待,를 기다리다,名詞,명사,신호01
초급,신호등,等待을 기다리다,名詞명사,信號燈,等待,을 기다리다,名詞,명사,신호등
초급,신혼여행,離開을 떠나다,名詞명사,蜜月,離開,을 떠나다,名詞,명사,신혼여행
초급,싣다,我們짐을,動詞동사,平台,我們,짐을,動詞,동사,싣다01
초급,실례,變得가 되다,名詞명사,插畫,變得,가 되다,名詞,명사,실례01
초급,실수,做를 하다,名詞명사,錯誤,做,를 하다,名詞,명사,실수01
초급,실패,成功성공,名詞명사,失敗,成功,성공,名詞,명사,실패02
초급,싫다,工作일이,形容詞형용사,我不喜歡它,工作,일이,形容詞,형용사,싫다01
초급,싫어하다,非常討厭몹시 싫어하다,動詞동사,不喜歡,非常討厭,몹시 싫어하다,動詞,동사,싫어하다
초급,심다,樹木나무를,動詞동사,植物,樹木,나무를,動詞,동사,심다01
초급,심심하다,它既無聊又乏味。지루하고 심심하다,形容詞형용사,我好無聊,它既無聊又乏味。,지루하고 심심하다,形容詞,형용사,심심하다01
초급,심하다,這只是個玩笑。장난이,形容詞형용사,走極端,這只是個玩笑。,장난이,形容詞,형용사,심하다
초급,십,數位숫자,數字/形容詞수사/관형사,十,數位,숫자,數字/形容詞,수사/관형사,십
초급,십만,數位숫자,調查性的和形容詞수사·관형사,"100,000",數位,숫자,調查性的和形容詞,수사·관형사,십만
초급,십이월,月亮달(월),名詞명사,十二月,月亮,달(월),名詞,명사,십이월
초급,십일월,月亮달(월),名詞명사,十一月,月亮,달(월),名詞,명사,십일월
초급,싱겁다,品嚐맛이,形容詞형용사,它很平淡,品嚐,맛이,形容詞,형용사,싱겁다
초급,싸다,我們짐을,動詞동사,便宜的,我們,짐을,動詞,동사,싸다01
초급,싸다,價格가격이,形容詞형용사,便宜的,價格,가격이,形容詞,형용사,싸다05
초급,싸우다,和朋友친구와,動詞동사,鬥爭,和朋友,친구와,動詞,동사,싸우다
초급,쌀,大麥보리,名詞명사,米,大麥,보리,名詞,명사,쌀
초급,쌀쌀하다,天氣날씨가,形容詞형용사,天氣冷。,天氣,날씨가,形容詞,형용사,쌀쌀하다
초급,쌓다,專案물건을,動詞동사,累積,專案,물건을,動詞,동사,쌓다
초급,썰다,黃瓜오이를,動詞동사,糠,黃瓜,오이를,動詞,동사,썰다01
초급,쓰다,信件글자를,動詞동사,寫,信件,글자를,動詞,동사,쓰다01
초급,쓰다,帽子모자를,動詞동사,寫,帽子,모자를,動詞,동사,쓰다02
초급,쓰다,電腦컴퓨터를,動詞동사,寫,電腦,컴퓨터를,動詞,동사,쓰다03
초급,쓰다,品嚐맛이,形容詞형용사,寫,品嚐,맛이,形容詞,형용사,쓰다06
초급,쓰레기,去接를 줍다,名詞명사,垃圾,去接,를 줍다,名詞,명사,쓰레기
초급,쓰레기통,丟掉을 버리다,名詞명사,ash bn,丟掉,을 버리다,名詞,명사,쓰레기통
초급,씨,麥可先生마이클 씨,從屬名詞의존명사,種子,麥可先生,마이클 씨,從屬名詞,의존명사,씨07
초급,씹다,膠껌을,動詞동사,嚼,膠,껌을,動詞,동사,씹다01
초급,씻다,雙手손을,動詞동사,洗,雙手,손을,動詞,동사,씻다
초급,아,"哦真的嗎？아, 그래요?",欹감탄사,啊,哦真的嗎？,"아, 그래요?",欹,감탄사,아02
초급,아가씨,阿姨아줌마,名詞명사,錯過,阿姨,아줌마,名詞,명사,아가씨
초급,아기,哭가 울다,名詞명사,嬰兒,哭,가 울다,名詞,명사,아기01
초급,아까,我之前吃過飯。아까 먹다,副詞/名詞부사/명사,剛才,我之前吃過飯。,아까 먹다,副詞/名詞,부사/명사,아까
초급,아나운서,工作직업,名詞명사,pod音員,工作,직업,名詞,명사,아나운서
초급,아내,丈夫남편,名詞명사,妻子,丈夫,남편,名詞,명사,아내01
초급,아니,回答대답,欹감탄사,不,回答,대답,欹,감탄사,아니02
초급,아니다,−−,形容詞형용사,不,−,−,形容詞,형용사,아니다
초급,아니요,回答대답,欹감탄사,不,回答,대답,欹,감탄사,아니요
초급,아들,生育을 낳다,名詞명사,兒子,生育,을 낳다,名詞,명사,아들
초급,아래,地點위치,名詞명사,在下面,地點,위치,名詞,명사,아래01
초급,아래쪽,方向방향,名詞명사,底部,方向,방향,名詞,명사,아래쪽
초급,아르바이트,儲存를 구하다,名詞명사,兼職工作,儲存,를 구하다,名詞,명사,아르바이트
초급,아름답다,外觀모습이,形容詞형용사,美麗的,外觀,모습이,形容詞,형용사,아름답다
초급,아마,它很可能會아마 -을 것이다,副詞부사,或許,它很可能會,아마 -을 것이다,副詞,부사,아마01
초급,아무,無人/無處아무도/아무 데도,形容詞/代名詞관형사/대명사,任何,無人/無處,아무도/아무 데도,形容詞/代名詞,관형사/대명사,아무01
초급,아무것,沒關係。이나 괜찮다,名詞명사,沒有什麼,沒關係。,이나 괜찮다,名詞,명사,아무것
초급,아무리,無論他們多麼還是孩子아무리 아이라고 해도,副詞부사,如此,無論他們多麼還是孩子,아무리 아이라고 해도,副詞,부사,아무리
초급,아버님,家庭가족,名詞명사,父親,家庭,가족,名詞,명사,아버님
초급,아버지,家庭가족,名詞명사,父親,家庭,가족,名詞,명사,아버지
초급,아빠,家庭가족,名詞명사,爸爸,家庭,가족,名詞,명사,아빠
초급,아이,成人어른,名詞명사,孩子,成人,어른,名詞,명사,아이01
초급,아이스크림,吃을 먹다,名詞명사,冰淇淋,吃,을 먹다,名詞,명사,아이스크림
초급,아저씨,女士아주머니,名詞명사,先生,女士,아주머니,名詞,명사,아저씨
초급,아주,這很容易。아주 쉽다,副詞부사,非常,這很容易。,아주 쉽다,副詞,부사,아주01
초급,아주머니,先生아저씨,名詞명사,女士,先生,아저씨,名詞,명사,아주머니
초급,아줌마,女士아주머니,名詞명사,阿姨,女士,아주머니,名詞,명사,아줌마
초급,아직,目前還沒有。아직 없다,副詞부사,然而,目前還沒有。,아직 없다,副詞,부사,아직01
초급,아침,變得이 되다,名詞명사,早晨,變得,이 되다,名詞,명사,아침
초급,아파트,住在에 살다,名詞명사,公寓,住在,에 살다,名詞,명사,아파트
초급,아프다,腿다리가,形容詞형용사,生病的,腿,다리가,形容詞,형용사,아프다
초급,아홉,數位숫자,數字/形容詞수사/관형사,九,數位,숫자,數字/形容詞,수사/관형사,아홉
초급,아흔,數位숫자,數字/形容詞수사/관형사,九十,數位,숫자,數字/形容詞,수사/관형사,아흔
초급,악기,玩를 연주하다,名詞명사,樂器,玩,를 연주하다,名詞,명사,악기05
초급,안,外部밖,名詞명사,不是,外部,밖,名詞,명사,안01
초급,안,不冷안 춥다,副詞부사,不是,不冷,안 춥다,副詞,부사,안02
초급,안개,待附가 끼다,名詞명사,多霧路段,待附,가 끼다,名詞,명사,안개
초급,안경,寫을 쓰다,名詞명사,眼鏡,寫,을 쓰다,名詞,명사,안경03
초급,안내,觀光관광,名詞명사,指導,觀光,관광,名詞,명사,안내01
초급,안내문,接收을 받다,名詞명사,注意,接收,을 받다,名詞,명사,안내문
초급,안녕,嘿，朋友！你好。친구야! 안녕.,名詞/感嘆詞명사/감탄사,你好,嘿，朋友！你好。,친구야! 안녕.,名詞/感嘆詞,명사/감탄사,안녕
초급,안녕히,再見안녕히 계세요,副詞부사,再見,再見,안녕히 계세요,副詞,부사,안녕히
초급,안다,嬰兒아기를,動詞동사,擁抱,嬰兒,아기를,動詞,동사,안다01
초급,안되다,學習공부가,動詞동사,這行不通。,學習,공부가,動詞,동사,안되다01
초급,안전,為了保護을 지키다,名詞명사,安全,為了保護,을 지키다,名詞,명사,안전03
초급,안쪽,外部바깥쪽,名詞명사,裡面,外部,바깥쪽,名詞,명사,안쪽
초급,앉다,在椅子上의자에,動詞동사,坐,在椅子上,의자에,動詞,동사,앉다
초급,알다,事實사실을,動詞동사,知道,事實,사실을,動詞,동사,알다
초급,알리다,事實사실을,動詞동사,喪鐘,事實,사실을,動詞,동사,알리다
초급,알맞다,尺寸크기가 ,形容詞형용사,合身,尺寸,크기가 ,形容詞,형용사,알맞다
초급,알아보다,資訊정보를,動詞동사,查出,資訊,정보를,動詞,동사,알아보다
초급,앞,出去으로 나가다,名詞명사,正面,出去,으로 나가다,名詞,명사,앞
초급,앞쪽,前往으로 향하다,名詞명사,正面,前往,으로 향하다,名詞,명사,앞쪽
초급,애,成人어른,名詞명사,嬰兒,成人,어른,名詞,명사,애02
초급,애인,情人연인,名詞명사,情人,情人,연인,名詞,명사,애인02
초급,앨범,圖片사진,名詞명사,專輯,圖片,사진,名詞,명사,앨범
초급,야,"嘿，我們一起去吧。야, 같이 가자",欹감탄사,嘿,嘿，我們一起去吧。,"야, 같이 가자",欹,감탄사,야04
초급,야구,足球축구,名詞명사,棒球,足球,축구,名詞,명사,야구02
초급,야채,吃를 먹다,名詞명사,蔬菜,吃,를 먹다,名詞,명사,야채
초급,약,大約1小時약 1시간,決定因素관형사,大約,大約1小時,약 1시간,決定因素,관형사,약03
초급,약,吃을 먹다,名詞명사,大約,吃,을 먹다,名詞,명사,약07
초급,약간,它有點大약간 크다,副詞/名詞부사/명사,一點,它有點大,약간 크다,副詞/名詞,부사/명사,약간
초급,약국,前往에 가다,名詞명사,藥局,前往,에 가다,名詞,명사,약국02
초급,약사,變得가 되다,名詞명사,化學家,變得,가 되다,名詞,명사,약사04
초급,약속,為了保護을 지키다,名詞명사,承諾,為了保護,을 지키다,名詞,명사,약속
초급,약하다,力量힘이,形容詞형용사,軟弱,力量,힘이,形容詞,형용사,약하다01
초급,얇다,厚度두께가,形容詞형용사,薄的,厚度,두께가,形容詞,형용사,얇다
초급,양말,穿을 신다,名詞명사,襪子,穿,을 신다,名詞,명사,양말01
초급,양복,穿을 입다,名詞명사,套裝,穿,을 입다,名詞,명사,양복01
초급,양식,韓國料理한식,名詞명사,食物,韓國料理,한식,名詞,명사,양식03
초급,양식집,前往에 가다,名詞명사,西式餐廳,前往,에 가다,名詞,명사,양식집
초급,양치질,做을 하다,名詞명사,漱口,做,을 하다,名詞,명사,양치질
초급,얘기,告訴를 들려주다,名詞명사,演講,告訴,를 들려주다,名詞,명사,얘기
초급,어,"呃，這是什麼？어, 이게 뭐야?",欹감탄사,呃,呃，這是什麼？,"어, 이게 뭐야?",欹,감탄사,어02
초급,어깨,身體신체,名詞명사,肩膀,身體,신체,名詞,명사,어깨01
초급,어느,哪個國家어느 나라,決定因素관형사,任何,哪個國家,어느 나라,決定因素,관형사,어느01
초급,어둡다,燈光조명이,形容詞형용사,天色已黑。,燈光,조명이,形容詞,형용사,어둡다
초급,어디,它在哪裡？어디예요?,代名詞대명사,在哪裡,它在哪裡？,어디예요?,代名詞,대명사,어디01
초급,어떠하다,想法생각이,形容詞형용사,如何,想法,생각이,形容詞,형용사,어떠하다
초급,어떤,什麼樣的感覺어떤 느낌,決定因素관형사,哪個,什麼樣的感覺,어떤 느낌,決定因素,관형사,어떤
초급,어떻다,心마음이,形容詞형용사,如何,心,마음이,形容詞,형용사,어떻다
초급,어렵다,問題문제가 ,形容詞형용사,難的,問題,문제가 ,形容詞,형용사,어렵다
초급,어른,變得이 되다,名詞명사,成人,變得,이 되다,名詞,명사,어른01
초급,어리다,年齡나이가,形容詞형용사,年輕的,年齡,나이가,形容詞,형용사,어리다03
초급,어린아이,來玩吧와 놀다,名詞명사,幼兒,來玩吧,와 놀다,名詞,명사,어린아이
초급,어린이,人사람,名詞명사,孩子們,人,사람,名詞,명사,어린이01
초급,어머니,家庭가족,名詞명사,母親,家庭,가족,名詞,명사,어머니01
초급,어머님,家庭가족,名詞명사,母親,家庭,가족,名詞,명사,어머님
초급,어서,趕緊起床어서 일어나,副詞부사,匆忙,趕緊起床,어서 일어나,副詞,부사,어서01
초급,어울리다,人們사람들과,動詞동사,康波特,人們,사람들과,動詞,동사,어울리다
초급,어제,今天오늘,副詞/名詞부사/명사,昨天,今天,오늘,副詞/名詞,부사/명사,어제01
초급,어젯밤,小時시간,名詞명사,昨晚,小時,시간,名詞,명사,어젯밤
초급,억,數位숫자,調查性的和形容詞수사·관형사,1億,數位,숫자,調查性的和形容詞,수사·관형사,억04
초급,언니,家庭가족,名詞명사,姊姊,家庭,가족,名詞,명사,언니
초급,언어,表達為로 표현하다,名詞명사,語言,表達為,로 표현하다,名詞,명사,언어01
초급,언제,是什麼時候？언제예요?,代名詞/副詞대명사/부사,什麼時候,是什麼時候？,언제예요?,代名詞/副詞,대명사/부사,언제01
초급,언제나,永遠在一起언제나 함께,副詞부사,總是,永遠在一起,언제나 함께,副詞,부사,언제나
초급,얻다,專案물건을 ,動詞동사,得到,專案,물건을 ,動詞,동사,얻다01
초급,얼굴,身體신체,名詞명사,臉,身體,신체,名詞,명사,얼굴01
초급,얼다,冰얼음이,動詞동사,凍結,冰,얼음이,動詞,동사,얼다01
초급,얼마,這個多少錢？얼마예요?,名詞명사,多少,這個多少錢？,얼마예요?,名詞,명사,얼마
초급,얼마나,真漂亮얼마나 예쁜지,副詞부사,多少,真漂亮,얼마나 예쁜지,副詞,부사,얼마나
초급,얼음,它會融化이 녹다,名詞명사,冰,它會融化,이 녹다,名詞,명사,얼음01
초급,엄마,家庭가족,名詞명사,媽媽,家庭,가족,名詞,명사,엄마
초급,없다,樂趣재미가,形容詞/動詞형용사/동사,不存在,樂趣,재미가,形容詞/動詞,형용사/동사,없다01
초급,엉덩이,身體신체,名詞명사,臀部,身體,신체,名詞,명사,엉덩이
초급,에어컨,打開을 켜다,名詞명사,空調,打開,을 켜다,名詞,명사,에어컨
초급,엘리베이터,騎를 타다,名詞명사,電梯,騎,를 타다,名詞,명사,엘리베이터
초급,여권,問題을 발급하다,名詞명사,護照,問題,을 발급하다,名詞,명사,여권02
초급,여기,地點장소,代名詞대명사,這裡,地點,장소,代名詞,대명사,여기01
초급,여기저기,地點장소,名詞명사,這裡那裡,地點,장소,名詞,명사,여기저기
초급,여덟,數位숫자,調查性的和形容詞수사·관형사,八,數位,숫자,調查性的和形容詞,수사·관형사,여덟
초급,여동생,家庭가족,名詞명사,妹妹,家庭,가족,名詞,명사,여동생
초급,여든,數位숫자,調查性的和形容詞수사·관형사,八十,數位,숫자,調查性的和形容詞,수사·관형사,여든
초급,여러,幾個國家여러 나라,決定因素관형사,一些,幾個國家,여러 나라,決定因素,관형사,여러
초급,여러분,親愛的市民們국민 여러분,代名詞대명사,每個人,親愛的市民們,국민 여러분,代名詞,대명사,여러분
초급,여름,季節계절,名詞명사,夏天,季節,계절,名詞,명사,여름01
초급,여보세요,電話전화,欹감탄사,你好,電話,전화,欹,감탄사,여보세요
초급,여섯,數位숫자,調查性的和形容詞수사·관형사,六,數位,숫자,調查性的和形容詞,수사·관형사,여섯
초급,여성,男性남성,名詞명사,女性,男性,남성,名詞,명사,여성01
초급,여자,男人남자,名詞명사,女性,男人,남자,名詞,명사,여자02
초급,여쭙다,致老師선생님께,動詞동사,我問,致老師,선생님께,動詞,동사,여쭙다
초급,여학생,男生남학생,名詞명사,女學生,男生,남학생,名詞,명사,여학생
초급,여행,前往을 가다,名詞명사,旅行,前往,을 가다,名詞,명사,여행02
초급,여행사,在…工作에서 일하다,名詞명사,旅行社,在…工作,에서 일하다,名詞,명사,여행사
초급,여행지,離開로 떠나다,名詞명사,旅遊目的地,離開,로 떠나다,名詞,명사,여행지
초급,역,下車에 내리다,名詞명사,車站,下車,에 내리다,名詞,명사,역14
초급,역사,韓國한국의,名詞명사,歷史,韓國,한국의,名詞,명사,역사04
초급,역시,我也是나 역시,副詞부사,還,我也是,나 역시,副詞,부사,역시01
초급,연결,切斷을 끊다,名詞명사,聯繫,切斷,을 끊다,名詞,명사,연결01
초급,연극,查看을 보다,名詞명사,劇院,查看,을 보다,名詞,명사,연극
초급,연락,給予을 주다,名詞명사,聯絡,給予,을 주다,名詞,명사,연락02
초급,연락처,留下를 남기다,名詞명사,接觸,留下,를 남기다,名詞,명사,연락처
초급,연말,變得이 되다,名詞명사,年末,變得,이 되다,名詞,명사,연말01
초급,연세,吃가 드시다,名詞명사,延世,吃,가 드시다,名詞,명사,연세02
초급,연습,鋼琴練習피아노 연습,名詞명사,實踐,鋼琴練習,피아노 연습,名詞,명사,연습03
초급,연예인,工作직업,名詞명사,名人,工作,직업,名詞,명사,연예인
초급,연필,寫로 쓰다,名詞명사,鉛筆,寫,로 쓰다,名詞,명사,연필
초급,연휴,假期好好休息연휴 동안 쉬다,名詞명사,假期,假期好好休息,연휴 동안 쉬다,名詞,명사,연휴02
초급,열,數位숫자,調查性的和形容詞수사·관형사,熱,數位,숫자,調查性的和形容詞,수사·관형사,열03
초급,열,這就是我。이 나다,名詞명사,熱,這就是我。,이 나다,名詞,명사,열07
초급,열다,門문을,動詞동사,打開,門,문을,動詞,동사,열다02
초급,열리다,門문이,動詞동사,打開,門,문이,動詞,동사,열리다02
초급,열쇠,打開로 열다,名詞명사,鑰匙,打開,로 열다,名詞,명사,열쇠
초급,열심히,努力學習열심히 공부하다,副詞부사,努力,努力學習,열심히 공부하다,副詞,부사,열심히
초급,열차,騎를 타다,名詞명사,火車,騎,를 타다,名詞,명사,열차02
초급,열흘,小時시간,名詞명사,十天,小時,시간,名詞,명사,열흘
초급,엽서,傳送를 보내다,名詞명사,明信片,傳送,를 보내다,名詞,명사,엽서02
초급,영,數位숫자,名詞명사,零,數位,숫자,名詞,명사,영14
초급,영국,國家나라,名詞명사,英國,國家,나라,名詞,명사,영국01
초급,영수증,接收을 받다,名詞명사,收據,接收,을 받다,名詞,명사,영수증
초급,영어,語言언어,名詞명사,英語,語言,언어,名詞,명사,영어02
초급,영하,落下로 떨어지다,名詞명사,零下,落下,로 떨어지다,名詞,명사,영하
초급,영화,看를 보다,名詞명사,電影,看,를 보다,名詞,명사,영화01
초급,영화관,前往에 가다,名詞명사,電影,前往,에 가다,名詞,명사,영화관01
초급,영화배우,工作직업,名詞명사,電影演員,工作,직업,名詞,명사,영화배우
초급,옆,右側오른쪽 옆,名詞명사,邊,右側,오른쪽 옆,名詞,명사,옆
초급,옆집,住在에 살다,名詞명사,隔壁,住在,에 살다,名詞,명사,옆집
초급,예,回答대답,欹감탄사,是的,回答,대답,欹,감탄사,예06
초급,예매,電影票預訂영화표 예매,名詞명사,門票預訂,電影票預訂,영화표 예매,名詞,명사,예매01
초급,예쁘다,臉얼굴이,形容詞형용사,漂亮的,臉,얼굴이,形容詞,형용사,예쁘다
초급,예순,數位숫자,調查性的和形容詞수사·관형사,六十,數位,숫자,調查性的和形容詞,수사·관형사,예순
초급,예술,藝術作品예술 작품,名詞명사,藝術,藝術作品,예술 작품,名詞,명사,예술
초급,예습,審查복습,名詞명사,準備,審查,복습,名詞,명사,예습
초급,예약,飯店預訂호텔 예약,名詞명사,預訂,飯店預訂,호텔 예약,名詞,명사,예약
초급,옛,老朋友옛 친구,決定因素관형사,古老的,老朋友,옛 친구,決定因素,관형사,옛01
초급,옛날,很久以前먼 옛날,名詞명사,舊時光,很久以前,먼 옛날,名詞,명사,옛날
초급,오,數位숫자,調查性的和形容詞수사·관형사,哦,數位,숫자,調查性的和形容詞,수사·관형사,오04
초급,오늘,小時시간,副詞/名詞부사/명사,今天,小時,시간,副詞/名詞,부사/명사,오늘
초급,오다,在韓國한국에,動詞동사,來,在韓國,한국에,動詞,동사,오다01
초급,오래,長期使用오래 쓰다,副詞부사,很久,長期使用,오래 쓰다,副詞,부사,오래02
초급,오래간만,久別重逢오래간만에 만나다,名詞명사,好久不見,久別重逢,오래간만에 만나다,名詞,명사,오래간만
초급,오래되다,房子집이 ,形容詞형용사,老的,房子,집이 ,形容詞,형용사,오래되다
초급,오랜만,久別重逢오랜만에 만나다,名詞명사,好久不見,久別重逢,오랜만에 만나다,名詞,명사,오랜만
초급,오랫동안,交往很長時間오랫동안 사귀다,名詞명사,許久,交往很長時間,오랫동안 사귀다,名詞,명사,오랫동안
초급,오렌지,水果과일,名詞명사,橘子,水果,과일,名詞,명사,오렌지
초급,오르다,值값이,動詞동사,上升,值,값이,動詞,동사,오르다
초급,오른손,左手왼손,名詞명사,右手,左手,왼손,名詞,명사,오른손
초급,오른쪽,左邊왼쪽,名詞명사,正確的,左邊,왼쪽,名詞,명사,오른쪽
초급,오빠,家庭가족,名詞명사,歐巴,家庭,가족,名詞,명사,오빠
초급,오십,數位숫자,數字/形容詞수사/관형사,五十,數位,숫자,數字/形容詞,수사/관형사,오십
초급,오월,月亮달(월),名詞명사,可能,月亮,달(월),名詞,명사,오월01
초급,오이,蔬菜채소,名詞명사,黃瓜,蔬菜,채소,名詞,명사,오이01
초급,오전,午安오후,名詞명사,早晨,午安,오후,名詞,명사,오전02
초급,오후,早晨오전,名詞명사,午安,早晨,오전,名詞,명사,오후02
초급,온도,很高가 높다,名詞명사,溫度,很高,가 높다,名詞,명사,온도
초급,올라가다,在樹上나무에,動詞동사,上,在樹上,나무에,動詞,동사,올라가다
초급,올라오다,在山裡산에,動詞동사,過來,在山裡,산에,動詞,동사,올라오다
초급,올리다,價值값을,動詞동사,增加,價值,값을,動詞,동사,올리다01
초급,올림,信편지,名詞명사,起伏,信,편지,名詞,명사,올림01
초급,올림픽,奧運올림픽 경기,名詞명사,奧運,奧運,올림픽 경기,名詞,명사,올림픽
초급,올해,小時시간,名詞명사,今年,小時,시간,名詞,명사,올해
초급,옳다,想法생각이,形容詞형용사,沒錯,想法,생각이,形容詞,형용사,옳다01
초급,옷,穿을 입다,名詞명사,衣服,穿,을 입다,名詞,명사,옷01
초급,옷걸이,押注에 걸다,名詞명사,衣架,押注,에 걸다,名詞,명사,옷걸이
초급,옷장,放入에 넣다,名詞명사,衣櫃,放入,에 넣다,名詞,명사,옷장02
초급,와,"哇，見到你真好。와, 정말 반갑다",欹감탄사,和,哇，見到你真好。,"와, 정말 반갑다",欹,감탄사,와02
초급,와이셔츠,穿를 입다,名詞명사,襯衫,穿,를 입다,名詞,명사,와이셔츠
초급,완전히,完全完成완전히 끝나다,副詞부사,完全地,完全完成,완전히 끝나다,副詞,부사,완전히
초급,왕,變得이 되다,名詞명사,國王,變得,이 되다,名詞,명사,왕04
초급,왜,怎麼了？왜 그래?,副詞부사,為什麼,怎麼了？,왜 그래?,副詞,부사,왜02
초급,왜냐하면,−−,副詞부사,因為,−,−,副詞,부사,왜냐하면
초급,외국,前往에 가다,名詞명사,外國,前往,에 가다,名詞,명사,외국02
초급,외국어,說話方式로 말하다,名詞명사,外語,說話方式,로 말하다,名詞,명사,외국어
초급,외국인,見面을 만나다,名詞명사,外國人,見面,을 만나다,名詞,명사,외국인
초급,외롭다,生活삶이,形容詞형용사,我感到孤獨,生活,삶이,形容詞,형용사,외롭다
초급,외우다,字단어를,動詞동사,記住,字,단어를,動詞,동사,외우다01
초급,외출,準備을 준비하다,名詞명사,外出,準備,을 준비하다,名詞,명사,외출
초급,왼손,右手오른손,名詞명사,左手,右手,오른손,名詞,명사,왼손
초급,왼쪽,正確的오른쪽,名詞명사,左邊,正確的,오른쪽,名詞,명사,왼쪽
초급,요금,電話費전화 요금,名詞명사,收費,電話費,전화 요금,名詞,명사,요금01
초급,요리,方法방법,名詞명사,烹飪,方法,방법,名詞,명사,요리05
초급,요리사,工作직업,名詞명사,廚師,工作,직업,名詞,명사,요리사
초급,요일,小時시간,名詞명사,星期幾,小時,시간,名詞,명사,요일
초급,요즘,小時시간,名詞명사,最近,小時,시간,名詞,명사,요즘
초급,우동,吃을 먹다,名詞명사,烏龍麵,吃,을 먹다,名詞,명사,우동02
초급,우리,我們家우리 가족,代名詞대명사,我們,我們家,우리 가족,代名詞,대명사,우리03
초급,우리나라,我們國家的人民우리나라 사람,名詞명사,我們的國家,我們國家的人民,우리나라 사람,名詞,명사,우리나라
초급,우산,寫을 쓰다,名詞명사,傘,寫,을 쓰다,名詞,명사,우산01
초급,우선,第一的먼저,副詞부사,首先,第一的,먼저,副詞,부사,우선02
초급,우유,喝를 마시다,名詞명사,牛奶,喝,를 마시다,名詞,명사,우유02
초급,우체국,前往에 가다,名詞명사,郵局,前往,에 가다,名詞,명사,우체국
초급,우표,連接를 붙이다,名詞명사,郵票,連接,를 붙이다,名詞,명사,우표
초급,운동,體育設施운동 시설,名詞명사,鍛鍊,體育設施,운동 시설,名詞,명사,운동02
초급,운동복,穿을 입다,名詞명사,運動服,穿,을 입다,名詞,명사,운동복
초급,운동장,運行을 뛰다,名詞명사,操場,運行,을 뛰다,名詞,명사,운동장
초급,운동화,穿를 신다,名詞명사,運動鞋,穿,를 신다,名詞,명사,운동화
초급,운전,新手駕駛초보 운전,名詞명사,駕駛,新手駕駛,초보 운전,名詞,명사,운전02
초급,운전사,工作직업,名詞명사,司機,工作,직업,名詞,명사,운전사
초급,울다,嬰兒아기가,動詞동사,哭泣,嬰兒,아기가,動詞,동사,울다01
초급,울산,城市도시,名詞명사,蔚山,城市,도시,名詞,명사,울산01
초급,울음,停止을 그치다,名詞명사,哭泣,停止,을 그치다,名詞,명사,울음
초급,움직이다,身體몸을,動詞동사,移動,身體,몸을,動詞,동사,움직이다
초급,웃다,笑容燦爛활짝 웃다,動詞동사,笑,笑容燦爛,활짝 웃다,動詞,동사,웃다
초급,웃음,這就是我。이 나다,名詞명사,笑,這就是我。,이 나다,名詞,명사,웃음
초급,원,1000韓元천 원,從屬名詞의존명사,一,1000韓元,천 원,從屬名詞,의존명사,원01
초급,원피스,穿를 입다,名詞명사,一件,穿,를 입다,名詞,명사,원피스
초급,원하다,幫助도움을 ,動詞동사,想,幫助,도움을 ,動詞,동사,원하다02
초급,월,哪個月몇 월,名詞/從屬名詞명사/의존명사,月,哪個月,몇 월,名詞/從屬名詞,명사/의존명사,월02
초급,월급,接收을 받다,名詞명사,薪水,接收,을 받다,名詞,명사,월급
초급,월요일,星期幾요일,名詞명사,週一,星期幾,요일,名詞,명사,월요일
초급,위,在下面아래,名詞명사,胃,在下面,아래,名詞,명사,위01
초급,위쪽,前往을 향하다,名詞명사,上部,前往,을 향하다,名詞,명사,위쪽
초급,위치,決定를 정하다,名詞명사,地點,決定,를 정하다,名詞,명사,위치01
초급,위험,住口이 닥치다,名詞명사,危險,住口,이 닥치다,名詞,명사,위험
초급,유리,打破가 깨지다,名詞명사,玻璃,打破,가 깨지다,名詞,명사,유리10
초급,유명,著名歌手유명 가수,名詞명사,標記,著名歌手,유명 가수,名詞,명사,유명01
초급,유월,月亮달(월),名詞명사,六月,月亮,달(월),名詞,명사,유월01
초급,유치원,報名參加에 입학하다,名詞명사,幼稚園,報名參加,에 입학하다,名詞,명사,유치원
초급,유학,前往을 가다,名詞명사,留學,前往,을 가다,名詞,명사,유학04
초급,유학생,國際學生身份유학생 신분,名詞명사,國際學生,國際學生身份,유학생 신분,名詞,명사,유학생01
초급,유행,接下來을 따르다,名詞명사,時尚,接下來,을 따르다,名詞,명사,유행02
초급,육,數位숫자,數字/形容詞수사/관형사,六,數位,숫자,數字/形容詞,수사/관형사,육02
초급,육교,叉를 건너다,名詞명사,高架橋,叉,를 건너다,名詞,명사,육교02
초급,육십,數位숫자,數字/形容詞수사/관형사,六十,數位,숫자,數字/形容詞,수사/관형사,육십
초급,윷놀이,做를 하다,名詞명사,尤特諾裡,做,를 하다,名詞,명사,윷놀이
초급,은행,存入에 입금하다,名詞명사,銀行,存入,에 입금하다,名詞,명사,은행02
초급,음,"嗯，聽起來很有道理。음, 그럴 듯하다",欹감탄사,唔,嗯，聽起來很有道理。,"음, 그럴 듯하다",欹,감탄사,음01
초급,음료,喝를 마시다,名詞명사,飲料,喝,를 마시다,名詞,명사,음료
초급,음료수,水물,名詞명사,喝,水,물,名詞,명사,음료수
초급,음식,吃을 먹다,名詞명사,食物,吃,을 먹다,名詞,명사,음식
초급,음식점,在…用餐에서 식사하다,名詞명사,餐廳,在…用餐,에서 식사하다,名詞,명사,음식점
초급,음악,聽을 듣다,名詞명사,音樂,聽,을 듣다,名詞,명사,음악01
초급,음악가,玩가 연주하다,名詞명사,音樂家,玩,가 연주하다,名詞,명사,음악가
초급,응,回答대답,欹감탄사,嗯,回答,대답,欹,감탄사,응01
초급,의미,有가 있다,名詞명사,意義,有,가 있다,名詞,명사,의미02
초급,의사,牙醫치과 의사,名詞명사,醫生,牙醫,치과 의사,名詞,명사,의사12
초급,의자,坐에 앉다,名詞명사,椅子,坐,에 앉다,名詞,명사,의자03
초급,이,擦拭를 닦다,名詞명사,這,擦拭,를 닦다,名詞,명사,이03
초급,이,"只是그, 저 ",代名詞/形容詞대명사/관형사,這,只是,"그, 저 ",代名詞/形容詞,대명사/관형사,이05
초급,이,二둘 ,數字/形容詞수사/관형사,這,二,둘 ,數字/形容詞,수사/관형사,이09
초급,이거,這이것,代名詞대명사,這,這,이것,代名詞,대명사,이거01
초급,이것,−−,代名詞대명사,這,−,−,代名詞,대명사,이것
초급,이곳,地點장소,代名詞대명사,這個地方,地點,장소,代名詞,대명사,이곳
초급,이기다,在遊戲中경기에서,動詞동사,贏,在遊戲中,경기에서,動詞,동사,이기다01
초급,이날,當日的演出이날 공연,名詞명사,在這一天,當日的演出,이날 공연,名詞,명사,이날
초급,이다,這是一本書책이다,檢查조사,是,這是一本書,책이다,檢查,조사,이다03
초급,이따가,我稍後再去。이따가 가다,副詞부사,之後,我稍後再去。,이따가 가다,副詞,부사,이따가
초급,이때,錯過를 놓치다,名詞명사,此時,錯過,를 놓치다,名詞,명사,이때
초급,이런,諸如此類的事情이런 일,決定因素관형사,這,諸如此類的事情,이런 일,決定因素,관형사,이런01
초급,이렇다,結果결과가,形容詞형용사,就是這樣。,結果,결과가,形容詞,형용사,이렇다
초급,이르다,快速地빠르다,形容詞형용사,說,快速地,빠르다,形容詞,형용사,이르다03
초급,이름,問을 묻다,名詞명사,姓名,問,을 묻다,名詞,명사,이름
초급,이마,身體신체,名詞명사,前額,身體,신체,名詞,명사,이마01
초급,이모,相對的친척,名詞명사,阿姨,相對的,친척,名詞,명사,이모02
초급,이미,已完成이미 끝나다,副詞부사,已經,已完成,이미 끝나다,副詞,부사,이미01
초급,이번,本星期이번 주,名詞명사,這次,本星期,이번 주,名詞,명사,이번01
초급,이분,那個人그분,代名詞대명사,這個人,那個人,그분,代名詞,대명사,이분01
초급,이불,涵蓋을 덮다,名詞명사,寢具,涵蓋,을 덮다,名詞,명사,이불01
초급,이사,前往를 가다,名詞명사,移動,前往,를 가다,名詞,명사,이사14
초급,이삿짐,裹을 싸다,名詞명사,搬家紙箱,裹,을 싸다,名詞,명사,이삿짐
초급,이상,超過一個小時한 시간 이상,名詞명사,更多的,超過一個小時,한 시간 이상,名詞,명사,이상05
초급,이상,異常體溫이상 기온,名詞명사,更多的,異常體溫,이상 기온,名詞,명사,이상12
초급,이십,數位숫자,數字/形容詞수사/관형사,二十多歲,數位,숫자,數字/形容詞,수사/관형사,이십
초급,이야기,告訴를 들려주다,名詞명사,故事,告訴,를 들려주다,名詞,명사,이야기
초급,이용,有許多이 많다,名詞명사,使用率,有許多,이 많다,名詞,명사,이용01
초급,이웃,鄰國이웃 나라,名詞명사,鄰居,鄰國,이웃 나라,名詞,명사,이웃
초급,이월,月亮달(월),名詞명사,延續到,月亮,달(월),名詞,명사,이월01
초급,이유,問를 묻다,名詞명사,原因,問,를 묻다,名詞,명사,이유04
초급,이전,以往經驗이전의 경험,名詞명사,前,以往經驗,이전의 경험,名詞,명사,이전03
초급,이제,今後이제부터,名詞/副詞명사/부사,現在,今後,이제부터,名詞/副詞,명사/부사,이제01
초급,이쪽,前往으로 향하다,代名詞대명사,這邊走,前往,으로 향하다,代名詞,대명사,이쪽02
초급,이틀,這段路經過이 지나다,名詞명사,兩天,這段路經過,이 지나다,名詞,명사,이틀01
초급,이해,這很容易가 쉽다,名詞명사,理解,這很容易,가 쉽다,名詞,명사,이해06
초급,이후,死後的生活이후의 삶,名詞명사,自從,死後的生活,이후의 삶,名詞,명사,이후02
초급,익다,水果과일이 ,動詞동사,成熟,水果,과일이 ,動詞,동사,익다01
초급,익숙하다,機器기계에,形容詞형용사,這很熟悉,機器,기계에,形容詞,형용사,익숙하다
초급,인기,有許多가 많다,名詞명사,人氣,有許多,가 많다,名詞,명사,인기01
초급,인도네시아,國家나라,名詞명사,印尼,國家,나라,名詞,명사,인도네시아
초급,인분,三份삼 인분,從屬名詞의존명사,糞便,三份,삼 인분,從屬名詞,의존명사,인분
초급,인사,早安아침 인사,名詞명사,問候,早安,아침 인사,名詞,명사,인사02
초급,인삼,煮沸을 달이다,名詞명사,參,煮沸,을 달이다,名詞,명사,인삼
초급,인정받다,能力능력을,動詞동사,獲得認可,能力,능력을,動詞,동사,인정받다
초급,인천,提名지명,名詞명사,仁川,提名,지명,名詞,명사,인천02
초급,인터넷,連接到에 접속하다,名詞명사,網際網路,連接到,에 접속하다,名詞,명사,인터넷
초급,인형,玩偶遊戲인형 놀이,名詞명사,玩具娃娃,玩偶遊戲,인형 놀이,名詞,명사,인형01
초급,일,這會越積越多。이 쌓이다,名詞명사,天,這會越積越多。,이 쌓이다,名詞,명사,일01
초급,일,數位숫자,數字/形容詞수사/관형사,天,數位,숫자,數字/形容詞,수사/관형사,일05
초급,일,三天삼 일,名詞/從屬名詞명사/의존명사,天,三天,삼 일,名詞/從屬名詞,명사/의존명사,일07
초급,일곱,數位숫자,數字/形容詞수사/관형사,七,數位,숫자,數字/形容詞,수사/관형사,일곱
초급,일기,寫를 쓰다,名詞명사,日記,寫,를 쓰다,名詞,명사,일기12
초급,일본,國家나라,名詞명사,日本,國家,나라,名詞,명사,일본02
초급,일부,部分地區일부 지역,名詞명사,部分,部分地區,일부 지역,名詞,명사,일부02
초급,일식,食物음식,名詞명사,日本料理,食物,음식,名詞,명사,일식04
초급,일식집,在에서 먹다,名詞명사,日本餐廳,在,에서 먹다,名詞,명사,일식집
초급,일어나다,早起일찍 일어나다,動詞동사,醒醒,早起,일찍 일어나다,動詞,동사,일어나다
초급,일어서다,在座位上자리에서 ,動詞동사,起來,在座位上,자리에서 ,動詞,동사,일어서다
초급,일요일,星期幾요일,名詞명사,星期日,星期幾,요일,名詞,명사,일요일
초급,일월,月亮달(월),名詞명사,一月,月亮,달(월),名詞,명사,일월01
초급,일주일,這需要時間이 걸리다,名詞명사,一週,這需要時間,이 걸리다,名詞,명사,일주일
초급,일찍,早起일찍 일어나다,副詞부사,早期的,早起,일찍 일어나다,副詞,부사,일찍
초급,일흔,數位숫자,調查性的和形容詞수사·관형사,七十,數位,숫자,調查性的和形容詞,수사·관형사,일흔
초급,읽다,圖書책을,動詞동사,讀,圖書,책을,動詞,동사,읽다
초급,잃다,專案물건을,動詞동사,失去,專案,물건을,動詞,동사,잃다
초급,잃어버리다,專案물건을 ,動詞동사,輸,專案,물건을 ,動詞,동사,잃어버리다
초급,입,打開을 열다,名詞명사,嘴,打開,을 열다,名詞,명사,입
초급,입구,捷運지하철,名詞명사,入口,捷運,지하철,名詞,명사,입구02
초급,입다,衣服옷을,動詞동사,穿,衣服,옷을,動詞,동사,입다01
초급,입술,身體신체,名詞명사,嘴唇,身體,신체,名詞,명사,입술
초급,입원,住院病人입원 환자,名詞명사,住院治療,住院病人,입원 환자,名詞,명사,입원01
초급,입장권,買을 사다,名詞명사,入場券,買,을 사다,名詞,명사,입장권
초급,입학,大學入學대학 입학,名詞명사,入學,大學入學,대학 입학,名詞,명사,입학
초급,입학시험,通過考試에 합격하다,名詞명사,入學考試,通過考試,에 합격하다,名詞,명사,입학시험
초급,있다,在家裡집에,動詞/形容詞동사/형용사,有,在家裡,집에,動詞/形容詞,동사/형용사,있다01
초급,잊다,數位번호를,動詞동사,忘記,數位,번호를,動詞,동사,잊다01
초급,잊어버리다,數位번호를,動詞동사,忘記,數位,번호를,動詞,동사,잊어버리다
초급,잎,這屬於이 떨어지다,名詞명사,葉子,這屬於,이 떨어지다,名詞,명사,잎01
초급,자기소개,做를 하다,名詞명사,自我介紹,做,를 하다,名詞,명사,자기소개
초급,자꾸,不斷重複자꾸 반복하다,副詞부사,反覆,不斷重複,자꾸 반복하다,副詞,부사,자꾸01
초급,자다,睡覺잠을,動詞동사,睡覺,睡覺,잠을,動詞,동사,자다01
초급,자동차,開車를 운전하다,名詞명사,汽車,開車,를 운전하다,名詞,명사,자동차
초급,자동판매기,按를 누르다,名詞명사,自動販賣機,按,를 누르다,名詞,명사,자동판매기
초급,자라다,這棵樹나무가,動詞동사,長大,這棵樹,나무가,動詞,동사,자라다01
초급,자랑,做을 하다,名詞명사,誇,做,을 하다,名詞,명사,자랑01
초급,자르다,頭머리를,動詞동사,劈,頭,머리를,動詞,동사,자르다01
초급,자리,坐에 앉다,名詞명사,座位,坐,에 앉다,名詞,명사,자리01
초급,자세히,詳細了解자세히 알다,副詞부사,細節,詳細了解,자세히 알다,副詞,부사,자세히
초급,자식,提高을 기르다,名詞명사,孩子,提高,을 기르다,名詞,명사,자식01
초급,자신,我們自己나 자신,名詞명사,自己,我們自己,나 자신,名詞,명사,자신01
초급,자연,返回으로 돌아가다,名詞/副詞명사/부사,自然,返回,으로 돌아가다,名詞/副詞,명사/부사,자연01
초급,자유,享受를 누리다,名詞명사,自由,享受,를 누리다,名詞,명사,자유03
초급,자장면,食物음식,名詞명사,炸醬麵,食物,음식,名詞,명사,자장면
초급,자전거,騎를 타다,名詞명사,自行車,騎,를 타다,名詞,명사,자전거
초급,자주,經常見面자주 만나다,副詞부사,常,經常見面,자주 만나다,副詞,부사,자주01
초급,자판기,咖啡自動販賣機커피 자판기,名詞명사,自動販賣機,咖啡自動販賣機,커피 자판기,名詞,명사,자판기
초급,작년,小時시간,名詞명사,去年,小時,시간,名詞,명사,작년
초급,작다,臉얼굴이,形容詞형용사,身材矮小,臉,얼굴이,形容詞,형용사,작다01
초급,잔,咖啡杯커피 잔,名詞명사,玻璃,咖啡杯,커피 잔,名詞,명사,잔03
초급,잔치,生日派對생일 잔치,名詞명사,盛宴,生日派對,생일 잔치,名詞,명사,잔치01
초급,잘,熟悉잘 알다,副詞부사,出色地,熟悉,잘 알다,副詞,부사,잘02
초급,잘되다,工作일이,動詞동사,混合,工作,일이,動詞,동사,잘되다
초급,잘못,有許多이 많다,副詞/名詞부사/명사,錯誤的,有許多,이 많다,副詞/名詞,부사/명사,잘못
초급,잘못되다,訂單순서가,動詞동사,出錯,訂單,순서가,動詞,동사,잘못되다
초급,잘못하다,選擇선택을,動詞동사,做錯事,選擇,선택을,動詞,동사,잘못하다
초급,잘생기다,臉얼굴이,形容詞형용사,英俊的,臉,얼굴이,形容詞,형용사,잘생기다
초급,잘하다,外語외국어를,動詞동사,做得好,外語,외국어를,動詞,동사,잘하다
초급,잠,睡覺을 자다,名詞명사,睡覺,睡覺,을 자다,名詞,명사,잠01
초급,잠깐,稍等잠깐 기다리다,副詞/名詞부사/명사,片刻,稍等,잠깐 기다리다,副詞/名詞,부사/명사,잠깐
초급,잠시,請稍等片刻잠시 기다리다,副詞/名詞부사/명사,片刻,請稍等片刻,잠시 기다리다,副詞/名詞,부사/명사,잠시
초급,잠자다,睡得很香새근새근 잠자다,動詞동사,睡覺,睡得很香,새근새근 잠자다,動詞,동사,잠자다
초급,잡다,雙手손을,動詞동사,抓鉤,雙手,손을,動詞,동사,잡다01
초급,잡수시다,該職位진지를,動詞동사,吃,該職位,진지를,動詞,동사,잡수시다
초급,잡지,看를 보다,名詞명사,雜誌,看,를 보다,名詞,명사,잡지
초급,잡채,食物음식,名詞명사,雜碎,食物,음식,名詞,명사,잡채
초급,장,一張紙한 장,從屬名詞의존명사,頁,一張紙,한 장,從屬名詞,의존명사,장21
초급,장갑,穿을 끼다,名詞명사,手套,穿,을 끼다,名詞,명사,장갑01
초급,장난감,玩을 가지고 놀다,名詞명사,玩具,玩,을 가지고 놀다,名詞,명사,장난감
초급,장마,來가 오다,名詞명사,雨季,來,가 오다,名詞,명사,장마01
초급,장미,花꽃,名詞명사,玫瑰,花,꽃,名詞,명사,장미05
초급,장소,決定를 정하다,名詞명사,地點,決定,를 정하다,名詞,명사,장소05
초급,재료,準備를 준비하다,名詞명사,成分,準備,를 준비하다,名詞,명사,재료01
초급,재미,有가 있다,名詞명사,樂趣,有,가 있다,名詞,명사,재미01
초급,재미없다,故事이야기가,形容詞형용사,這不好玩,故事,이야기가,形容詞,형용사,재미없다
초급,재미있다,故事이야기가,形容詞형용사,真有趣,故事,이야기가,形容詞,형용사,재미있다
초급,재채기,出來가 나오다,名詞명사,噴嚏,出來,가 나오다,名詞,명사,재채기
초급,저,人稱（第一人稱）사람(1인칭),代名詞대명사,我,人稱（第一人稱）,사람(1인칭),代名詞,대명사,저03
초급,저,兩者都不是이도 저도,代名詞/形容詞대명사/관형사,我,兩者都不是,이도 저도,代名詞/形容詞,대명사/관형사,저04
초급,저,"你知道嗎？저, 있잖아요.",欹감탄사,我,你知道嗎？,"저, 있잖아요.",欹,감탄사,저05
초급,저거,那東西저것,代名詞대명사,那東西,那東西,저것,代名詞,대명사,저거01
초급,저것,−−,代名詞대명사,那東西,−,−,代名詞,대명사,저것
초급,저곳,地點장소,代名詞대명사,那個地方,地點,장소,代名詞,대명사,저곳
초급,저금,做을 하다,名詞명사,節省,做,을 하다,名詞,명사,저금
초급,저기,地點장소,代名詞대명사,打擾一下,地點,장소,代名詞,대명사,저기01
초급,저녁,變得이 되다,名詞명사,晚餐,變得,이 되다,名詞,명사,저녁
초급,저런,那그런,決定因素관형사,這樣的,那,그런,決定因素,관형사,저런01
초급,저렇다,−−,形容詞형용사,就是這樣。,−,−,形容詞,형용사,저렇다
초급,저번,上個星期저번 주,名詞명사,上次,上個星期,저번 주,名詞,명사,저번02
초급,저분,這個人이분,代名詞대명사,那個人,這個人,이분,代名詞,대명사,저분01
초급,저쪽,方向방향,代名詞대명사,在那邊,方向,방향,代名詞,대명사,저쪽
초급,저희,我們公司저희 회사,代名詞대명사,我們,我們公司,저희 회사,代名詞,대명사,저희01
초급,적다,姓名이름을,動詞동사,少,姓名,이름을,動詞,동사,적다01
초급,적다,楊양이,形容詞형용사,少,楊,양이,形容詞,형용사,적다02
초급,적당하다,價格가격이 ,形容詞형용사,合適的,價格,가격이 ,形容詞,형용사,적당하다02
초급,전,全世界전 세계,決定因素관형사,全,全世界,전 세계,決定因素,관형사,전07
초급,전,很久以前오래 전,名詞/形容詞명사/관형사,全,很久以前,오래 전,名詞/形容詞,명사/관형사,전08
초급,전공,決定을 결정하다,名詞명사,專業,決定,을 결정하다,名詞,명사,전공05
초급,전기,被切斷가 끊기다,名詞명사,電,被切斷,가 끊기다,名詞,명사,전기15
초급,전부,眾人聚集전부 모이다,名詞/副詞명사/부사,全部的,眾人聚集,전부 모이다,名詞/副詞,명사/부사,전부05
초급,전철,騎을 타다,名詞명사,捷運,騎,을 타다,名詞,명사,전철04
초급,전체,整個國家전체 국민,名詞명사,全部的,整個國家,전체 국민,名詞,명사,전체01
초급,전하다,信편지를,動詞동사,傳授,信,편지를,動詞,동사,전하다
초급,전혀,我完全不知道。전혀 모르다,副詞부사,全部,我完全不知道。,전혀 모르다,副詞,부사,전혀01
초급,전화,懸掛를 걸다,名詞명사,電話,懸掛,를 걸다,名詞,명사,전화07
초급,전화기,鈴聲가 울리다,名詞명사,電話,鈴聲,가 울리다,名詞,명사,전화기
초급,전화번호,問를 묻다,名詞명사,電話號碼,問,를 묻다,名詞,명사,전화번호
초급,젊다,年齡나이가,形容詞형용사,保持年輕,年齡,나이가,形容詞,형용사,젊다
초급,점수,很高가 높다,名詞명사,分數,很高,가 높다,名詞,명사,점수06
초급,점심,見面에 만나다,名詞명사,午餐,見面,에 만나다,名詞,명사,점심
초급,점심때,變得가 되다,名詞명사,午餐時間,變得,가 되다,名詞,명사,점심때
초급,점심시간,變得이 되다,名詞명사,午餐時間,變得,이 되다,名詞,명사,점심시간
초급,점점,天氣越來越冷了。점점 추워지다,副詞부사,逐步地,天氣越來越冷了。,점점 추워지다,副詞,부사,점점01
초급,접다,紙종이를,動詞동사,折疊,紙,종이를,動詞,동사,접다01
초급,접시,放入에 담다,名詞명사,盤子,放入,에 담다,名詞,명사,접시
초급,젓가락,寫을 쓰다,名詞명사,筷子,寫,을 쓰다,名詞,명사,젓가락
초급,정거장,公車站버스 정거장,名詞명사,停止,公車站,버스 정거장,名詞,명사,정거장
초급,정도,如何어느 정도,名詞명사,程度,如何,어느 정도,名詞,명사,정도11
초급,정류장,公車站버스 정류장,名詞명사,公車站,公車站,버스 정류장,名詞,명사,정류장
초급,정리,整理辦公桌책상 정리,名詞명사,組織,整理辦公桌,책상 정리,名詞,명사,정리09
초급,정말,真的很好정말 좋다,名詞/副詞명사/부사,真的,真的很好,정말 좋다,名詞/副詞,명사/부사,정말01
초급,정문,去으로 다니다,名詞명사,正門,去,으로 다니다,名詞,명사,정문03
초급,정신없이,拼命工作정신없이 일하다,副詞부사,瘋狂地,拼命工作,정신없이 일하다,副詞,부사,정신없이
초급,정원,培養을 가꾸다,名詞명사,花園,培養,을 가꾸다,名詞,명사,정원06
초급,정하다,承諾약속을 ,動詞동사,決定,承諾,약속을 ,動詞,동사,정하다03
초급,정형외과,治療에서 치료하다,名詞명사,骨科,治療,에서 치료하다,名詞,명사,정형외과
초급,정확,發音발음이,名詞명사,準確性,發音,발음이,名詞,명사,정확01
초급,젖다,衣服옷이 ,動詞동사,沾濕,衣服,옷이 ,動詞,동사,젖다01
초급,제,人稱（第一人稱）사람(1인칭),代名詞대명사,我的,人稱（第一人稱）,사람(1인칭),代名詞,대명사,제01
초급,제목,建造을 짓다,名詞명사,標題,建造,을 짓다,名詞,명사,제목02
초급,제일,我最喜歡它。제일 좋아하다,名詞/副詞명사/부사,最多,我最喜歡它。,제일 좋아하다,名詞/副詞,명사/부사,제일04
초급,제주도,提名지명,名詞명사,濟州島,提名,지명,名詞,명사,제주도01
초급,조금,品嚐조금 먹다,名詞/副詞명사/부사,小的,品嚐,조금 먹다,名詞/副詞,명사/부사,조금01
초급,조금씩,一點一點地來조금씩 가다,副詞부사,一點一點地,一點一點地來,조금씩 가다,副詞,부사,조금씩
초급,조심,謹慎駕駛운전 조심,名詞명사,警告,謹慎駕駛,운전 조심,名詞,명사,조심02
초급,조용하다,房子집이 ,形容詞형용사,安靜的,房子,집이 ,形容詞,형용사,조용하다01
초급,조용히,輕聲說話조용히 말하다,副詞부사,悄悄,輕聲說話,조용히 말하다,副詞,부사,조용히
초급,조카,家庭가족,名詞명사,姪子,家庭,가족,名詞,명사,조카
초급,졸다,打瞌睡깜빡 졸다,動詞동사,打盹,打瞌睡,깜빡 졸다,動詞,동사,졸다01
초급,졸업,入學입학,名詞명사,畢業,入學,입학,名詞,명사,졸업
초급,좀,有點貴。좀 비싸다,副詞부사,一點,有點貴。,좀 비싸다,副詞,부사,좀02
초급,좁다,房間방이,形容詞형용사,狹窄的,房間,방이,形容詞,형용사,좁다01
초급,종류,種類繁多。가 다양하다,名詞명사,類型,種類繁多。,가 다양하다,名詞,명사,종류
초급,종업원,工作직업,名詞명사,員工,工作,직업,名詞,명사,종업원
초급,종이,使用에 쓰다,名詞명사,紙,使用,에 쓰다,名詞,명사,종이01
초급,좋다,天氣날씨가,形容詞형용사,晚安,天氣,날씨가,形容詞,형용사,좋다01
초급,좋아하다,花朵꽃을,動詞동사,喜歡,花朵,꽃을,動詞,동사,좋아하다
초급,죄송하다,心마음이,形容詞형용사,對不起,心,마음이,形容詞,형용사,죄송하다
초급,주,本星期이번 주 ,從屬名詞/名詞의존명사/명사,主要的,本星期,이번 주 ,從屬名詞/名詞,의존명사/명사,주26
초급,주다,禮物선물을 ,動詞동사,給,禮物,선물을 ,動詞,동사,주다01
초급,주로,主要說주로 말하다,副詞부사,大多,主要說,주로 말하다,副詞,부사,주로01
초급,주말,傳送을 보내다,名詞명사,週末,傳送,을 보내다,名詞,명사,주말02
초급,주머니,放入에 넣다,名詞명사,口袋,放入,에 넣다,名詞,명사,주머니
초급,주무시다,睡覺잠을,動詞동사,睡覺,睡覺,잠을,動詞,동사,주무시다
초급,주문,接收을 받다,名詞명사,命令,接收,을 받다,名詞,명사,주문04
초급,주변,周圍環境주변 환경,名詞명사,圓週,周圍環境,주변 환경,名詞,명사,주변04
초급,주부,生活로 살다,名詞명사,家庭主婦,生活,로 살다,名詞,명사,주부03
초급,주사,正確를 맞다,名詞명사,注射,正確,를 맞다,名詞,명사,주사13
초급,주소,寫를 적다,名詞명사,地址,寫,를 적다,名詞,명사,주소01
초급,주스,喝를 마시다,名詞명사,汁,喝,를 마시다,名詞,명사,주스
초급,주위,眼周눈 주위,名詞명사,周圍環境,眼周,눈 주위,名詞,명사,주위02
초급,주인,店主가게 주인,名詞명사,掌握,店主,가게 주인,名詞,명사,주인01
초급,주일,本週日이번 주일,名詞/從屬名詞명사/의존명사,星期,本週日,이번 주일,名詞/從屬名詞,명사/의존명사,주일03
초급,주차,違停주차 위반,名詞명사,停車處,違停,주차 위반,名詞,명사,주차04
초급,주차장,進行設定에 세우다,名詞명사,停車場,進行設定,에 세우다,名詞,명사,주차장
초급,주황색,顏色색깔,名詞명사,橘子,顏色,색깔,名詞,명사,주황색
초급,죽다,人사람이,動詞동사,死,人,사람이,動詞,동사,죽다01
초급,준비,準備上班출근 준비,名詞명사,準備,準備上班,출근 준비,名詞,명사,준비
초급,줄,包裹을 감다,名詞명사,線,包裹,을 감다,名詞,명사,줄01
초급,줄다,尺寸크기가 ,動詞동사,收縮,尺寸,크기가 ,動詞,동사,줄다
초급,줄이다,聲音소리를,動詞동사,減少,聲音,소리를,動詞,동사,줄이다
초급,줍다,垃圾쓰레기를,動詞동사,撿起,垃圾,쓰레기를,動詞,동사,줍다01
초급,중,會議期間회의 중,從屬名詞의존명사,中間,會議期間,회의 중,從屬名詞,의존명사,중04
초급,중간,家庭和學校的中間地帶집과 학교의 중간,名詞명사,中間,家庭和學校的中間地帶,집과 학교의 중간,名詞,명사,중간01
초급,중국,國家나라 ,名詞명사,中國,國家,나라 ,名詞,명사,중국01
초급,중국집,訂購에 주문하다,名詞명사,中餐館,訂購,에 주문하다,名詞,명사,중국집
초급,중심,首爾市中心서울의 중심,名詞명사,中心,首爾市中心,서울의 중심,名詞,명사,중심01
초급,중앙,舞台中央무대 중앙,名詞명사,中心,舞台中央,무대 중앙,名詞,명사,중앙01
초급,중요,重要材料중요 자료,名詞명사,重要性,重要材料,중요 자료,名詞,명사,중요02
초급,중학교,報名參加에 입학하다,名詞명사,中學,報名參加,에 입학하다,名詞,명사,중학교
초급,중학생,變得이 되다,名詞명사,國中學生,變得,이 되다,名詞,명사,중학생
초급,즐거워하다,非常高興매우 즐거워하다,動詞동사,感到快樂,非常高興,매우 즐거워하다,動詞,동사,즐거워하다
초급,즐겁다,心마음이,形容詞형용사,請保持愉快,心,마음이,形容詞,형용사,즐겁다
초급,즐기다,假期휴가를 ,動詞동사,享受,假期,휴가를 ,動詞,동사,즐기다01
초급,지각,做을 하다,名詞명사,洞察力,做,을 하다,名詞,명사,지각05
초급,지갑,放入에 넣다,名詞명사,錢包,放入,에 넣다,名詞,명사,지갑03
초급,지금,今後지금부터 ,名詞/副詞명사/부사,現在,今後,지금부터 ,名詞/副詞,명사/부사,지금03
초급,지나가다,時間시간이,動詞동사,路過,時間,시간이,動詞,동사,지나가다
초급,지나다,時間시간이,動詞동사,路過,時間,시간이,動詞,동사,지나다
초급,지난달,小時시간,名詞명사,上個月,小時,시간,名詞,명사,지난달
초급,지난번,小時시간,名詞명사,上次,小時,시간,名詞,명사,지난번
초급,지난주,小時시간,名詞명사,上個星期,小時,시간,名詞,명사,지난주
초급,지난해,小時시간,名詞명사,去年,小時,시간,名詞,명사,지난해
초급,지내다,我一切都好。잘 지내다,動詞동사,做,我一切都好。,잘 지내다,動詞,동사,지내다01
초급,지다,在遊戲中경기에서,動詞동사,失去,在遊戲中,경기에서,動詞,동사,지다03
초급,지도,看를 보다,名詞명사,地圖,看,를 보다,名詞,명사,지도03
초급,지루하다,班級수업이,形容詞형용사,無聊的,班級,수업이,形容詞,형용사,지루하다01
초급,지르다,聲音소리를,動詞동사,踢,聲音,소리를,動詞,동사,지르다03
초급,지방,南部地區남쪽 지방,名詞명사,省,南部地區,남쪽 지방,名詞,명사,지방05
초급,지우개,用橡皮擦擦除로 지우다,名詞명사,橡皮,用橡皮擦擦除,로 지우다,名詞,명사,지우개
초급,지우다,用橡皮擦지우개로,動詞동사,刪除,用橡皮擦,지우개로,動詞,동사,지우다01
초급,지키다,國家나라를,動詞동사,保護,國家,나라를,動詞,동사,지키다01
초급,지하,下去로 내려가다,名詞명사,地下,下去,로 내려가다,名詞,명사,지하
초급,지하도,叉를 건너다,名詞명사,地下通道,叉,를 건너다,名詞,명사,지하도
초급,지하철,騎을 타다,名詞명사,捷運,騎,을 타다,名詞,명사,지하철
초급,지하철역,到達에 도착하다,名詞명사,捷運站,到達,에 도착하다,名詞,명사,지하철역
초급,직업,尋求을 구하다,名詞명사,工作,尋求,을 구하다,名詞,명사,직업
초급,직원,招募을 모집하다,名詞명사,員工,招募,을 모집하다,名詞,명사,직원03
초급,직장,出席에 다니다,名詞명사,直腸,出席,에 다니다,名詞,명사,직장05
초급,직접,親自見面직접 만나다,名詞/副詞명사/부사,直接地,親自見面,직접 만나다,名詞/副詞,명사/부사,직접
초급,진짜,真的很好。진짜 괜찮다,名詞/副詞명사/부사,真的,真的很好。,진짜 괜찮다,名詞/副詞,명사/부사,진짜
초급,진하다,霧안개가,形容詞형용사,激烈的,霧,안개가,形容詞,형용사,진하다01
초급,질문,答案에 답하다,名詞명사,問題,答案,에 답하다,名詞,명사,질문
초급,짐,裹을 싸다,名詞명사,載入,裹,을 싸다,名詞,명사,짐01
초급,집,住在에 살다,名詞명사,房子,住在,에 살다,名詞,명사,집01
초급,집들이,邀請에 초대하다,名詞명사,喬遷之喜,邀請,에 초대하다,名詞,명사,집들이
초급,집안일,查看을 보다,名詞명사,家務,查看,을 보다,名詞,명사,집안일
초급,짓다,房子집을,動詞동사,撰寫,房子,집을,動詞,동사,짓다01
초급,짜다,品嚐맛이,形容詞형용사,鹹,品嚐,맛이,形容詞,형용사,짜다03
초급,짜증,生產을 내다,名詞명사,性急,生產,을 내다,名詞,명사,짜증
초급,짝,匹配을 맞추다,名詞명사,匹配,匹配,을 맞추다,名詞,명사,짝01
초급,짧다,腿다리가,形容詞형용사,短的,腿,다리가,形容詞,형용사,짧다
초급,짬뽕,食物음식,名詞명사,海鮮大雜燴,食物,음식,名詞,명사,짬뽕
초급,쪽,方向방향,從屬名詞의존명사,邊,方向,방향,從屬名詞,의존명사,쪽05
초급,찌개,煮沸를 끓이다,名詞명사,湯,煮沸,를 끓이다,名詞,명사,찌개01
초급,찌다,肉살이,動詞동사,窒息,肉,살이,動詞,동사,찌다01
초급,찌다,馬鈴薯감자를,動詞동사,窒息,馬鈴薯,감자를,動詞,동사,찌다05
초급,찍다,郵票도장을,動詞동사,槎,郵票,도장을,動詞,동사,찍다02
초급,차,汽車자동차,名詞명사,車,汽車,자동차,名詞,명사,차05
초급,차,喝를 마시다,名詞명사,車,喝,를 마시다,名詞,명사,차08
초급,차갑다,水물이,形容詞형용사,天氣冷,水,물이,形容詞,형용사,차갑다
초급,차다,空間공간이,動詞동사,寒冷的,空間,공간이,動詞,동사,차다01
초급,차다,球공을,動詞동사,寒冷的,球,공을,動詞,동사,차다02
초급,차다,手錶시계를,動詞동사,寒冷的,手錶,시계를,動詞,동사,차다03
초급,차다,風바람이,形容詞형용사,寒冷的,風,바람이,形容詞,형용사,차다04
초급,차례,保護지키다,名詞명사,時間,保護,지키다,名詞,명사,차례01
초급,착하다,心마음이,形容詞형용사,種類,心,마음이,形容詞,형용사,착하다
초급,찬물,喝을 마시다,名詞명사,冷水,喝,을 마시다,名詞,명사,찬물01
초급,참,真的很好。참 좋다,副詞부사,真的,真的很好。,참 좋다,副詞,부사,참01
초급,참다,咳嗽기침을,動詞동사,壓制,咳嗽,기침을,動詞,동사,참다
초급,참외,水果과일,名詞명사,瓜,水果,과일,名詞,명사,참외01
초급,창문,打開을 열다,名詞명사,窗戶,打開,을 열다,名詞,명사,창문
초급,찾다,錢包지갑을,動詞동사,尋找,錢包,지갑을,動詞,동사,찾다
초급,찾아가다,去教室교실로,動詞동사,訪問,去教室,교실로,動詞,동사,찾아가다
초급,찾아보다,筆記本수첩을,動詞동사,搜尋,筆記本,수첩을,動詞,동사,찾아보다
초급,찾아오다,顧客손님이,動詞동사,歡迎光臨,顧客,손님이,動詞,동사,찾아오다
초급,채소,吃를 먹다,名詞명사,蔬菜,吃,를 먹다,名詞,명사,채소
초급,책,讀을 읽다,名詞명사,書,讀,을 읽다,名詞,명사,책01
초급,책상,家具가구,名詞명사,桌子,家具,가구,名詞,명사,책상01
초급,책장,家具가구,名詞명사,書櫃,家具,가구,名詞,명사,책장02
초급,처음,開始처음 시작하다,名詞명사,第一的,開始,처음 시작하다,名詞,명사,처음
초급,천,數位숫자,調查性的和形容詞수사·관형사,布,數位,숫자,調查性的和形容詞,수사·관형사,천03
초급,천만,數位숫자,數詞 · 限定詞 / 名詞 / 副詞수사·관형사/명사/부사,千萬,數位,숫자,數詞 · 限定詞 / 名詞 / 副詞,수사·관형사/명사/부사,천만01
초급,천천히,慢慢來천천히 가다,副詞부사,緩慢地,慢慢來,천천히 가다,副詞,부사,천천히
초급,첫,第一次會議첫 만남,決定因素관형사,第一的,第一次會議,첫 만남,決定因素,관형사,첫
초급,첫날,元旦새해 첫날,名詞명사,第一晚,元旦,새해 첫날,名詞,명사,첫날
초급,첫째,第一小時첫째 시간,數字 · 形容詞/名詞수사·관형사/명사,第一的,第一小時,첫째 시간,數字 · 形容詞/名詞,수사·관형사/명사,첫째
초급,청년,年輕人젊은 청년,名詞명사,青年,年輕人,젊은 청년,名詞,명사,청년
초급,청바지,穿를 입다,名詞명사,牛仔褲,穿,를 입다,名詞,명사,청바지
초급,청소,浴室清潔화장실 청소,名詞명사,打掃,浴室清潔,화장실 청소,名詞,명사,청소06
초급,청소년,青春期청소년 시절,名詞명사,青年,青春期,청소년 시절,名詞,명사,청소년
초급,체육관,室內體育館실내 체육관,名詞명사,健身房,室內體育館,실내 체육관,名詞,명사,체육관
초급,체크무늬,格子襯衫체크무늬 남방,名詞명사,格子圖案,格子襯衫,체크무늬 남방,名詞,명사,체크무늬
초급,쳐다보다,天空하늘을,動詞동사,看看,天空,하늘을,動詞,동사,쳐다보다
초급,초,開始초기,從屬名詞의존명사,蠟燭,開始,초기,從屬名詞,의존명사,초03
초급,초,小時시간,從屬名詞의존명사,蠟燭,小時,시간,從屬名詞,의존명사,초07
초급,초대,做를 하다,名詞명사,邀請,做,를 하다,名詞,명사,초대06
초급,초대장,傳送을 보내다,名詞명사,邀請,傳送,을 보내다,名詞,명사,초대장
초급,초등학교,報名參加에 입학하다,名詞명사,小學,報名參加,에 입학하다,名詞,명사,초등학교
초급,초등학생,變得이 되다,名詞명사,小學生,變得,이 되다,名詞,명사,초등학생
초급,초록색,顏色색깔,名詞명사,綠色,顏色,색깔,名詞,명사,초록색
초급,초콜릿,吃을 먹다,名詞명사,巧克力,吃,을 먹다,名詞,명사,초콜릿
초급,최고,最高分최고 점수,名詞명사,最好的,最高分,최고 점수,名詞,명사,최고02
초급,최근,進入에 들다,名詞명사,最近的,進入,에 들다,名詞,명사,최근
초급,추다,跳舞춤을,動詞동사,舞蹈,跳舞,춤을,動詞,동사,추다02
초급,추석,假期명절,名詞명사,中秋節,假期,명절,名詞,명사,추석01
초급,축구,鍛鍊운동,名詞명사,足球,鍛鍊,운동,名詞,명사,축구04
초급,축구공,踢을 차다,名詞명사,足球,踢,을 차다,名詞,명사,축구공
초급,축하,慶祝派對축하 파티,名詞명사,恭喜！,慶祝派對,축하 파티,名詞,명사,축하
초급,출구,出去로 나가다,名詞명사,出口,出去,로 나가다,名詞,명사,출구01
초급,출근,離開工作崗位퇴근,名詞명사,上班,離開工作崗位,퇴근,名詞,명사,출근
초급,출발,到達도착,名詞명사,離開,到達,도착,名詞,명사,출발
초급,출석,打電話을 부르다,名詞명사,出席,打電話,을 부르다,名詞,명사,출석
초급,출입,控制을 통제하다,名詞명사,來來往往,控制,을 통제하다,名詞,명사,출입
초급,출입국,移民局출입국 사무소,名詞명사,移民,移民局,출입국 사무소,名詞,명사,출입국
초급,출장,前往을 가다,名詞명사,商務旅行,前往,을 가다,名詞,명사,출장01
초급,출퇴근,做을 하다,名詞명사,上下班通勤,做,을 하다,名詞,명사,출퇴근
초급,춤,舞蹈을 추다,名詞명사,舞蹈,舞蹈,을 추다,名詞,명사,춤01
초급,춤추다,歌手가수들이,動詞동사,舞蹈,歌手,가수들이,動詞,동사,춤추다
초급,춥다,天氣날씨가,形容詞형용사,寒冷的,天氣,날씨가,形容詞,형용사,춥다
초급,충분하다,時間시간이,形容詞형용사,這就足夠了。,時間,시간이,形容詞,형용사,충분하다01
초급,취미,嗜好취미 생활,名詞명사,嗜好,嗜好,취미 생활,名詞,명사,취미04
초급,취소,取消預訂예약 취소,名詞명사,消除,取消預訂,예약 취소,名詞,명사,취소01
초급,취직,變得이 되다,名詞명사,找到一份工作,變得,이 되다,名詞,명사,취직
초급,층,10層樓高的建築10층 건물,名詞명사,地面,10層樓高的建築,10층 건물,名詞,명사,층02
초급,치과,醫院병원,名詞명사,牙醫診所,醫院,병원,名詞,명사,치과
초급,치다,桌子책상을,動詞동사,打,桌子,책상을,動詞,동사,치다02
초급,치료,接收를 받다,名詞명사,治療,接收,를 받다,名詞,명사,치료
초급,치마,穿를 입다,名詞명사,裙子,穿,를 입다,名詞,명사,치마01
초급,치약,編織을 짜다,名詞명사,牙膏,編織,을 짜다,名詞,명사,치약
초급,치킨,食物음식,名詞명사,雞,食物,음식,名詞,명사,치킨
초급,친구,見面를 만나다,名詞명사,朋友,見面,를 만나다,名詞,명사,친구02
초급,친절,視為로 대하다,名詞명사,仁慈,視為,로 대하다,名詞,명사,친절
초급,친척,這匯集了이 모이다,名詞명사,相對的,這匯集了,이 모이다,名詞,명사,친척
초급,친하다,和朋友친구와,形容詞형용사,關閉,和朋友,친구와,形容詞,형용사,친하다
초급,칠,數位숫자,數字/形容詞수사/관형사,七,數位,숫자,數字/形容詞,수사/관형사,칠01
초급,칠십,數位숫자,數字/形容詞수사/관형사,七十,數位,숫자,數字/形容詞,수사/관형사,칠십
초급,칠월,月亮달(월),名詞명사,七月,月亮,달(월),名詞,명사,칠월
초급,칠판,使用에 쓰다,名詞명사,黑板,使用,에 쓰다,名詞,명사,칠판
초급,침대,家具가구,名詞명사,床,家具,가구,名詞,명사,침대02
초급,침실,睡懶覺에서 자다,名詞명사,臥室,睡懶覺,에서 자다,名詞,명사,침실
초급,칫솔,刷牙로 이를 닦다,名詞명사,牙刷,刷牙,로 이를 닦다,名詞,명사,칫솔
초급,칭찬,聽을 듣다,名詞명사,讚揚,聽,을 듣다,名詞,명사,칭찬
초급,카드,寫를 쓰다,名詞명사,卡片,寫,를 쓰다,名詞,명사,카드
초급,카레,食物음식,名詞명사,咖哩,食物,음식,名詞,명사,카레
초급,카메라,拍張照片로 찍다,名詞명사,相機,拍張照片,로 찍다,名詞,명사,카메라
초급,카페,集合地點에서 만나다,名詞명사,咖啡店,集合地點,에서 만나다,名詞,명사,카페
초급,칼,切로 자르다,名詞명사,刀,切,로 자르다,名詞,명사,칼01
초급,칼국수,食物음식,名詞명사,刀削麵,食物,음식,名詞,명사,칼국수
초급,캐나다,國家나라,名詞명사,加拿大,國家,나라,名詞,명사,캐나다
초급,커피,喝를 마시다,名詞명사,咖啡,喝,를 마시다,名詞,명사,커피
초급,커피숍,集合地點에서 만나다,名詞명사,咖啡廳,集合地點,에서 만나다,名詞,명사,커피숍
초급,컴퓨터,電腦遊戲컴퓨터 게임,名詞명사,電腦,電腦遊戲,컴퓨터 게임,名詞,명사,컴퓨터
초급,컵,擦拭을 닦다,名詞명사,杯子,擦拭,을 닦다,名詞,명사,컵
초급,케이크,吃를 먹다,名詞명사,蛋糕,吃,를 먹다,名詞,명사,케이크
초급,켜다,火불을,動詞동사,鋸,火,불을,動詞,동사,켜다01
초급,켜다,小提琴바이올린을,動詞동사,鋸,小提琴,바이올린을,動詞,동사,켜다02
초급,켤레,一對한 켤레,從屬名詞의존명사,一對,一對,한 켤레,從屬名詞,의존명사,켤레02
초급,코,很高가 높다,名詞명사,鼻子,很高,가 높다,名詞,명사,코01
초급,코끼리,動物동물,名詞명사,大象,動物,동물,名詞,명사,코끼리
초급,콘서트,看를 보다,名詞명사,音樂會,看,를 보다,名詞,명사,콘서트
초급,콜라,喝를 마시다,名詞명사,可樂,喝,를 마시다,名詞,명사,콜라
초급,콧물,出來이 나오다,名詞명사,鼻涕,出來,이 나오다,名詞,명사,콧물
초급,콩,植物식물,名詞명사,豆,植物,식물,名詞,명사,콩01
초급,크기,它很大가 크다,名詞명사,尺寸,它很大,가 크다,名詞,명사,크기
초급,크다,尺寸크기가 ,形容詞/動詞형용사/동사,大的,尺寸,크기가 ,形容詞/動詞,형용사/동사,크다01
초급,크리스마스,聖誕樹크리스마스 트리,名詞명사,聖誕節,聖誕樹,크리스마스 트리,名詞,명사,크리스마스
초급,큰소리,聽가 들리다,名詞명사,巨響,聽,가 들리다,名詞,명사,큰소리01
초급,키,高個子키가 큰 사람,名詞명사,鑰匙,高個子,키가 큰 사람,名詞,명사,키01
초급,키우다,小狗강아지를,動詞동사,生長,小狗,강아지를,動詞,동사,키우다
초급,킬로그램,單元단위,從屬名詞의존명사,公斤,單元,단위,從屬名詞,의존명사,킬로그램
초급,킬로미터,單元단위,從屬名詞의존명사,公里,單元,단위,從屬名詞,의존명사,킬로미터
초급,타다,在火災中불에,動詞동사,騎,在火災中,불에,動詞,동사,타다01
초급,타다,在車上차에,動詞동사,騎,在車上,차에,動詞,동사,타다02
초급,타다,咖啡커피를,動詞동사,騎,咖啡,커피를,動詞,동사,타다03
초급,탁구,擊中를 치다,名詞명사,乒乓球,擊中,를 치다,名詞,명사,탁구
초급,탕수육,食物음식,名詞명사,酸甜豬肉,食物,음식,名詞,명사,탕수육
초급,태국,國家나라,名詞명사,泰國,國家,나라,名詞,명사,태국
초급,태권도,學習를 배우다,名詞명사,跆拳道,學習,를 배우다,名詞,명사,태권도
초급,태극기,添加를 달다,名詞명사,太極基,添加,를 달다,名詞,명사,태극기
초급,태도,這很好가 좋다,名詞명사,態度,這很好,가 좋다,名詞,명사,태도03
초급,태어나다,孩子아이가,動詞동사,出現,孩子,아이가,動詞,동사,태어나다
초급,태풍,這次打擊이 불다,名詞명사,颱風,這次打擊,이 불다,名詞,명사,태풍
초급,택배,傳送로 보내다,名詞명사,包裹,傳送,로 보내다,名詞,명사,택배
초급,택시,騎를 타다,名詞명사,計程車,騎,를 타다,名詞,명사,택시
초급,터미널,在……下車에서 내리다,名詞명사,終端,在……下車,에서 내리다,名詞,명사,터미널
초급,테니스,擊中를 치다,名詞명사,網球,擊中,를 치다,名詞,명사,테니스
초급,테니스장,練習에서 연습핟,名詞명사,網球場,練習,에서 연습핟,名詞,명사,테니스장
초급,테이블,放置에 놓다,名詞명사,桌子,放置,에 놓다,名詞,명사,테이블
초급,텔레비전,查看을 보다,名詞명사,電視,查看,을 보다,名詞,명사,텔레비전
초급,토끼,動物동물,名詞명사,兔子,動物,동물,名詞,명사,토끼
초급,토마토,蔬菜채소,名詞명사,番茄,蔬菜,채소,名詞,명사,토마토
초급,토요일,星期幾요일,名詞명사,週六,星期幾,요일,名詞,명사,토요일
초급,통장,製作을 만들다,名詞명사,銀行帳戶,製作,을 만들다,名詞,명사,통장02
초급,통화,電話전화 통화,名詞명사,稱呼,電話,전화 통화,名詞,명사,통화04
초급,퇴근,上班출근,名詞명사,離開工作崗位,上班,출근,名詞,명사,퇴근
초급,퇴원,出院程序퇴원 수속,名詞명사,釋放,出院程序,퇴원 수속,名詞,명사,퇴원01
초급,튀기다,油기름에,動詞동사,濺,油,기름에,動詞,동사,튀기다02
초급,튀김,吃을 먹다,名詞명사,炒,吃,을 먹다,名詞,명사,튀김01
초급,트럭,騎을 타다,名詞명사,卡車,騎,을 타다,名詞,명사,트럭
초급,특별하다,興趣관심이,形容詞형용사,特別的,興趣,관심이,形容詞,형용사,특별하다
초급,특별히,特別喜歡특별히 좋아하다,副詞부사,特別,特別喜歡,특별히 좋아하다,副詞,부사,특별히
초급,특히,我特別喜歡특히 좋아하다,副詞부사,尤其,我特別喜歡,특히 좋아하다,副詞,부사,특히
초급,튼튼하다,身體몸이,形容詞형용사,結實的,身體,몸이,形容詞,형용사,튼튼하다
초급,틀다,電視텔레비전을,動詞동사,打開,電視,텔레비전을,動詞,동사,틀다
초급,틀리다,答案是답이,動詞동사,轉,答案是,답이,動詞,동사,틀리다01
초급,티셔츠,穿를 입다,名詞명사,T恤,穿,를 입다,名詞,명사,티셔츠
초급,팀,形成을 이루다,名詞명사,團隊,形成,을 이루다,名詞,명사,팀01
초급,파란색,顏色색깔,名詞명사,藍色的,顏色,색깔,名詞,명사,파란색
초급,파랗다,天空하늘이,形容詞형용사,藍色的,天空,하늘이,形容詞,형용사,파랗다
초급,파티,打開를 열다,名詞명사,派對,打開,를 열다,名詞,명사,파티
초급,팔,身體신체,名詞명사,八,身體,신체,名詞,명사,팔01
초급,팔,數位숫자,數字/形容詞수사/관형사,八,數位,숫자,數字/形容詞,수사/관형사,팔03
초급,팔다,圖書책을,動詞동사,賣,圖書,책을,動詞,동사,팔다
초급,팔리다,該物品물건이,動詞동사,賣,該物品,물건이,動詞,동사,팔리다
초급,팔십,數位숫자,數字/形容詞수사/관형사,八十,數位,숫자,數字/形容詞,수사/관형사,팔십
초급,팔월,月亮달(월),名詞명사,八月,月亮,달(월),名詞,명사,팔월
초급,펴다,圖書책을,動詞동사,傳播,圖書,책을,動詞,동사,펴다
초급,편리,顧客便利고객의 편리,名詞명사,方便的,顧客便利,고객의 편리,名詞,명사,편리03
초급,편안,希望을 바라다,名詞명사,舒服的,希望,을 바라다,名詞,명사,편안01
초급,편의점,從에서 사다,名詞명사,便利商店,從,에서 사다,名詞,명사,편의점
초급,편지,寫를 쓰다,名詞명사,信,寫,를 쓰다,名詞,명사,편지02
초급,편찮다,我的祖父할아버지께서,形容詞형용사,我覺得不太舒服,我的祖父,할아버지께서,形容詞,형용사,편찮다
초급,편하다,心마음이,形容詞형용사,放鬆,心,마음이,形容詞,형용사,편하다
초급,평소,它就像와 같다,名詞명사,通常,它就像,와 같다,名詞,명사,평소
초급,평일,週末주말,名詞명사,工作日,週末,주말,名詞,명사,평일
초급,포도,水果과일,名詞명사,葡萄,水果,과일,名詞,명사,포도06
초급,포장,禮品包裝선물 포장,名詞명사,包裝,禮品包裝,선물 포장,名詞,명사,포장01
초급,표,切斷를 끊다,名詞명사,圖形,切斷,를 끊다,名詞,명사,표04
초급,푸르다,這棵樹나무가,形容詞형용사,它是藍色的,這棵樹,나무가,形容詞,형용사,푸르다
초급,푹,寐푹 자다,副詞부사,深,寐,푹 자다,副詞,부사,푹01
초급,풀다,擰緊나사를,動詞동사,繹,擰緊,나사를,動詞,동사,풀다
초급,풍경,查看을 보다,名詞명사,視線,查看,을 보다,名詞,명사,풍경01
초급,프라이팬,翻炒에 볶다,名詞명사,煎鍋,翻炒,에 볶다,名詞,명사,프라이팬
초급,프랑스,國家나라,名詞명사,法國,國家,나라,名詞,명사,프랑스02
초급,프로그램,教育計劃교육 프로그램,名詞명사,程式,教育計劃,교육 프로그램,名詞,명사,프로그램
초급,피,灑를 흘리다,名詞명사,血,灑,를 흘리다,名詞,명사,피02
초급,피곤,感到疲倦에 지치다,名詞명사,疲勞的,感到疲倦,에 지치다,名詞,명사,피곤
초급,피다,花朵꽃이,動詞동사,盛開,花朵,꽃이,動詞,동사,피다01
초급,피아노,擊中를 치다,名詞명사,鋼琴,擊中,를 치다,名詞,명사,피아노01
초급,피우다,花朵꽃을,動詞동사,抽煙,花朵,꽃을,動詞,동사,피우다01
초급,피자,訂購를 주문하다,名詞명사,披薩,訂購,를 주문하다,名詞,명사,피자
초급,필요,為了滿足를 충족하다,名詞명사,必要的,為了滿足,를 충족하다,名詞,명사,필요
초급,필통,放入에 넣다,名詞명사,鉛筆盒,放入,에 넣다,名詞,명사,필통
초급,하나,數位숫자,數字/名詞수사/명사,一,數位,숫자,數字/名詞,수사/명사,하나
초급,하늘,這是高이 높다,名詞명사,天空,這是高,이 높다,名詞,명사,하늘01
초급,하늘색,顏色색깔,名詞명사,天藍色,顏色,색깔,名詞,명사,하늘색
초급,하다,鍛鍊운동을,動詞동사,做,鍛鍊,운동을,動詞,동사,하다01
초급,-하다,健康건강하다,詞綴접사,-做,健康,건강하다,詞綴,접사,-하다02
초급,하루,傳送를 보내다,名詞명사,天,傳送,를 보내다,名詞,명사,하루01
초급,하숙비,生產를 내다,名詞명사,寄宿費,生產,를 내다,名詞,명사,하숙비
초급,하숙집,入住에 묵다,名詞명사,寄宿公寓,入住,에 묵다,名詞,명사,하숙집
초급,하얀색,顏色색깔,名詞명사,白色的,顏色,색깔,名詞,명사,하얀색
초급,하얗다,眼睛눈이,形容詞형용사,白色的,眼睛,눈이,形容詞,형용사,하얗다
초급,하지만,−−,副詞부사,但,−,−,副詞,부사,하지만
초급,학교,出席에 다니다,名詞명사,學校,出席,에 다니다,名詞,명사,학교
초급,학기,它開始了가 시작되다,名詞명사,學期,它開始了,가 시작되다,名詞,명사,학기02
초급,학년,新學年새 학년,名詞명사,年級,新學年,새 학년,名詞,명사,학년
초급,학생,教을 가르치다,名詞명사,學生,教,을 가르치다,名詞,명사,학생
초급,학생증,展示을 제시하다,名詞명사,學生證,展示,을 제시하다,名詞,명사,학생증
초급,학원,英語學院영어 학원,名詞명사,學院,英語學院,영어 학원,名詞,명사,학원02
초급,한,一個人한 명,決定因素관형사,一,一個人,한 명,決定因素,관형사,한01
초급,한가하다,心마음이,形容詞형용사,我無事可做,心,마음이,形容詞,형용사,한가하다02
초급,한강,提名지명,名詞명사,漢江,提名,지명,名詞,명사,한강01
초급,한국,國家나라,名詞명사,韓國,國家,나라,名詞,명사,한국05
초급,한글,寫을 쓰다,名詞명사,韓國人,寫,을 쓰다,名詞,명사,한글01
초급,한두,一兩個人한두 명,決定因素관형사,一兩個,一兩個人,한두 명,決定因素,관형사,한두
초급,한번,試試看한번 해 보다,名詞/副詞명사/부사,一次,試試看,한번 해 보다,名詞/副詞,명사/부사,한번
초급,한복,穿을 입다,名詞명사,韓服,穿,을 입다,名詞,명사,한복
초급,한식,吃을 먹다,名詞명사,韓國料理,吃,을 먹다,名詞,명사,한식04
초급,한식집,餐廳음식점,名詞명사,韓國餐廳,餐廳,음식점,名詞,명사,한식집02
초급,한옥,住在에 살다,名詞명사,韓屋,住在,에 살다,名詞,명사,한옥
초급,한잔,喝一杯한잔 마시다,名詞명사,喝,喝一杯,한잔 마시다,名詞,명사,한잔
초급,한턱,生產을 내다,名詞명사,款待您,生產,을 내다,名詞,명사,한턱
초급,할머니,家庭가족,名詞명사,奶奶,家庭,가족,名詞,명사,할머니
초급,할아버지,家庭가족,名詞명사,祖父,家庭,가족,名詞,명사,할아버지
초급,할인,折扣價할인 가격,名詞명사,折扣,折扣價,할인 가격,名詞,명사,할인01
초급,함께,一起玩耍함께 놀다,副詞부사,一起,一起玩耍,함께 놀다,副詞,부사,함께
초급,항공,空中行動항공 운항,名詞명사,航空,空中行動,항공 운항,名詞,명사,항공
초급,항공권,書을 예약하다,名詞명사,機票,書,을 예약하다,名詞,명사,항공권
초급,항상,總是這樣。항상 같다,副詞부사,總是,總是這樣。,항상 같다,副詞,부사,항상
초급,해,它升起가 뜨다,名詞/從屬名詞명사/의존명사,太陽,它升起,가 뜨다,名詞/從屬名詞,명사/의존명사,해01
초급,해마다,每年聚會해마다 만나다,副詞부사,逐年,每年聚會,해마다 만나다,副詞,부사,해마다
초급,해외,導出到에 수출하다,名詞명사,海外,導出到,에 수출하다,名詞,명사,해외
초급,해외여행,前往을 가다,名詞명사,海外旅行,前往,을 가다,名詞,명사,해외여행
초급,햄버거,吃를 먹다,名詞명사,漢堡,吃,를 먹다,名詞,명사,햄버거
초급,햇빛,這光芒이 비치다,名詞명사,陽光,這光芒,이 비치다,名詞,명사,햇빛
초급,행동,搬到에 옮기다,名詞명사,行動,搬到,에 옮기다,名詞,명사,행동
초급,행복,祈禱을 빌다,名詞명사,幸福,祈禱,을 빌다,名詞,명사,행복02
초급,행사,參與에 참여하다,名詞명사,事件,參與,에 참여하다,名詞,명사,행사01
초급,허리,身體신체,名詞명사,腰部,身體,신체,名詞,명사,허리01
초급,헤어지다,和朋友친구와,動詞동사,拆散,和朋友,친구와,動詞,동사,헤어지다
초급,헬스클럽,在에서 운동하다,名詞명사,健身房,在,에서 운동하다,名詞,명사,헬스클럽
초급,혀,身體신체,名詞명사,舌頭,身體,신체,名詞,명사,혀01
초급,현금,提取을 인출하다,名詞명사,現金,提取,을 인출하다,名詞,명사,현금04
초급,현재,我目前正在做的事情현재 하는 일,名詞/副詞명사/부사,今天,我目前正在做的事情,현재 하는 일,名詞/副詞,명사/부사,현재02
초급,형,家庭가족,名詞명사,兄弟,家庭,가족,名詞,명사,형01
초급,형제,三個兒子아들 삼 형제,名詞명사,兄弟,三個兒子,아들 삼 형제,名詞,명사,형제01
초급,호,四月刊雜誌사월 호 잡지,從屬名詞의존명사,喜歡,四月刊雜誌,사월 호 잡지,從屬名詞,의존명사,호14
초급,호랑이,動物동물,名詞명사,老虎,動物,동물,名詞,명사,호랑이
초급,호수,很明顯가 맑다,名詞명사,湖,很明顯,가 맑다,名詞,명사,호수07
초급,호텔,入住에 묵다,名詞명사,飯店,入住,에 묵다,名詞,명사,호텔
초급,혹시,應該만일,副詞부사,如果,應該,만일,副詞,부사,혹시01
초급,혼자,居住살다,副詞/名詞부사/명사,獨自的,居住,살다,副詞/名詞,부사/명사,혼자01
초급,홍차,喝를 마시다,名詞명사,紅茶,喝,를 마시다,名詞,명사,홍차
초급,화,Ga nada가 나다,名詞명사,憤怒,Ga nada,가 나다,名詞,명사,화06
초급,화가,工作직업,名詞명사,藝術家,工作,직업,名詞,명사,화가03
초급,화나다,一位朋友친구가,動詞동사,我很生氣,一位朋友,친구가,動詞,동사,화나다
초급,화내다,致一位朋友친구에게,動詞동사,怨恨,致一位朋友,친구에게,動詞,동사,화내다
초급,화려하다,寶石보석이,形容詞형용사,燦爛,寶石,보석이,形容詞,형용사,화려하다
초급,화요일,星期幾요일,名詞명사,週二,星期幾,요일,名詞,명사,화요일
초급,화장실,前往에 가다,名詞명사,廁所,前往,에 가다,名詞,명사,화장실
초급,화장품,申請을 바르다,名詞명사,化妝品,申請,을 바르다,名詞,명사,화장품
초급,환영,接收을 받다,名詞명사,錯覺,接收,을 받다,名詞,명사,환영02
초급,환자,照顧을 돌보다,名詞명사,病人,照顧,을 돌보다,名詞,명사,환자03
초급,환전,美元兌換달러 환전,名詞명사,貨幣兌換,美元兌換,달러 환전,名詞,명사,환전01
초급,활발히,積極地활발히 활동하다,副詞부사,積極地,積極地,활발히 활동하다,副詞,부사,활발히
초급,회,幾次여러 회,從屬名詞의존명사,插曲,幾次,여러 회,從屬名詞,의존명사,회08
초급,회사,出席에 다니다,名詞명사,公司,出席,에 다니다,名詞,명사,회사04
초급,회사원,工作직업,名詞명사,員工,工作,직업,名詞,명사,회사원
초급,회색,顏色색깔,名詞명사,灰色的,顏色,색깔,名詞,명사,회색01
초급,회원,招募을 모집하다,名詞명사,成員,招募,을 모집하다,名詞,명사,회원
초급,회의,它打開가 열리다,名詞명사,會議,它打開,가 열리다,名詞,명사,회의04
초급,횡단보도,叉를 건너다,名詞명사,行人穿越道,叉,를 건너다,名詞,명사,횡단보도
초급,후,五分鐘後오 분 후,名詞명사,後,五分鐘後,오 분 후,名詞,명사,후08
초급,후배,電影業的年輕人영화계 후배,名詞명사,初級,電影業的年輕人,영화계 후배,名詞,명사,후배06
초급,훌륭하다,這項工作작품이,形容詞형용사,出色的,這項工作,작품이,形容詞,형용사,훌륭하다
초급,훨씬,還有更多。훨씬 많다,副詞부사,遙遙領先,還有更多。,훨씬 많다,副詞,부사,훨씬
초급,휴가,前往를 가다,名詞명사,假期,前往,를 가다,名詞,명사,휴가01
초급,휴게실,休息에서 쉬다,名詞명사,門廳,休息,에서 쉬다,名詞,명사,휴게실
초급,휴대폰,打電話으로 전화하다,名詞명사,智慧型手機,打電話,으로 전화하다,名詞,명사,휴대폰
초급,휴일,休息에 쉬다,名詞명사,休息日,休息,에 쉬다,名詞,명사,휴일
초급,휴지,去接를 줍다,名詞명사,組織,去接,를 줍다,名詞,명사,휴지02
초급,휴지통,丟掉에 버리다,名詞명사,垃圾桶,丟掉,에 버리다,名詞,명사,휴지통
초급,흐르다,水물이,動詞동사,流動,水,물이,動詞,동사,흐르다01
초급,흐리다,空氣공기가,形容詞형용사,朦朧,空氣,공기가,形容詞,형용사,흐리다02
초급,흔들다,雙手손을,動詞동사,搖,雙手,손을,動詞,동사,흔들다
초급,흘리다,眼淚눈물을,動詞동사,棚,眼淚,눈물을,動詞,동사,흘리다
초급,희망,願望清單희망 사항,名詞명사,希望,願望清單,희망 사항,名詞,명사,희망
초급,흰색,顏色색깔,名詞명사,白色的,顏色,색깔,名詞,명사,흰색
초급,힘,這很強。이 세다,名詞명사,力量,這很強。,이 세다,名詞,명사,힘01
초급,힘들다,工作일이,形容詞형용사,它太硬,工作,일이,形容詞,형용사,힘들다